,mat_id,composition
0,mp-1186465,Pr1Sm1Ir2
1,mp-12586,Sm1Cu1
2,mp-1186406,Pa1Tc2Sn1
3,mp-915,Y1Cd1
4,mp-867327,Hf2Tc1Ru1
5,mp-974949,Rb3Ir1
6,mp-864625,Ho2Ir1Rh1
7,mp-861877,Cd1Sn1Rh2
8,mp-861672,Ti2Fe1Ir1
9,mp-1183416,Be1Cr1Fe2
10,mp-1183190,Ac1Zn2In1
11,mp-862493,Li1Er2Al1
12,mp-864939,Hf2Cu1Ir1
13,mp-631310,Co1Re1Ge2
14,mp-980055,Y1Er1Mg2
15,mp-1186155,Na1Ce1Hg2
16,mp-983362,Hf2Fe1Tc1
17,mp-2334,Dy1Cu1
18,mp-867867,Sm1Mg1Au2
19,mp-1187274,Tb2Ru1Rh1
20,mp-1186942,Sc2Ga1Ni1
21,mp-865552,Ce1Cd1Ag2
22,mp-865897,Li2Ac1In1
23,mp-1186872,Rb3Tb1
24,mp-1185245,Li1Y3
25,mp-1183068,Ac2Cd1Ga1
26,mp-1184583,Ho2Al1Ru1
27,mp-1206794,Li1Au1
28,mp-862914,Er2Zn1Tc1
29,mp-1186256,Nd2Tl1Ag1
30,mp-1187612,Yb1Cd2In1
31,mp-862666,Dy1Ga1Rh2
32,mp-1183068,Ac2Cd1Ga1
33,mp-1184884,K3Dy1
34,mp-22901,K1I1
35,mp-1186125,Na1Cd2Pd1
36,mp-1186583,Pm1Eu1Pt2
37,mp-183,Ce1Cd1
38,mp-1184435,Gd2Cu1Au1
39,mp-977352,Th1Mg1Zn2
40,mp-2426,Li1Ag1
41,mp-1185487,Lu1F3
42,mp-11279,Ti1Be1
43,mp-1009640,Pr1N1
44,mp-976943,Na1Re3
45,mp-1183579,Ca1La1Au2
46,mp-972236,V2Mo1W1
47,mp-972493,Sm2Mg1Ru1
48,mp-972082,Tl3Si1
49,mp-631661,Y2Fe1B1
50,mp-981314,Yb1Lu1Pd2
51,mp-865983,Tm1Cd1Hg2
52,mp-973826,Li1Ho1Sn2
53,mp-1187333,Tb1Er1Hg2
54,mp-864907,Mg1Zr1Pd2
55,mp-1184226,Ga3Ag1
56,mp-572,Sm1Cd1
57,mp-866220,Ca1Nd1Zn2
58,mp-866286,Ac1Mg1
59,mp-1185602,La2Ga1Ag1
60,mp-866014,Ca1Sm1Hg2
61,mp-1186767,Ta2Nb1Re1
62,mp-1009005,Ir1N1
63,mp-1186338,Nd1Tm1In2
64,mp-865989,Al2Ir1Ru1
65,mp-672259,Al1Fe2Mo1
66,mp-974527,Nd1Sm1Zn2
67,mp-1038660,Mg30Nb1Cr1O32
68,mp-675328,Ce4Ge1S3
69,mp-1218024,Ta2Ti2Nb1C5
70,mp-1018097,Ba1Ca1O2
71,mp-15789,Li1Dy1S2
72,mp-755287,Ca3Cd1O4
73,mp-639747,Ba1
74,mp-1219523,Re1Mo1C2
75,mp-2052,Sc1As1
76,mp-1219173,Sm4Eu1S5
77,mp-1282,V1C1
78,mp-15792,Li1Gd1Se2
79,mp-1008929,Fe1N1
80,mp-1215918,Y1Sc3N4
81,mp-1229120,Ag2Bi1Sb1Se4
82,mp-24721,Rb1H1
83,mp-414,Lu1Se1
84,mp-1226124,Co1Cu2O3
85,mp-1037511,Mg30Co1Cu1O32
86,mp-1222295,Lu1Ag1S2
87,mp-1222743,Li2Lu1U1S4
88,mp-1215421,Yb1Ag1S2
89,mp-1007,Dy1Sb1
90,mp-1035831,Mg14Zn1Fe1O16
91,mp-982872,Hg1
92,mp-2692,Nb1O1
93,mp-1500,Ba1S1
94,mp-1008918,Cd1N1
95,mp-2132,Cr4N4
96,mp-35717,Li2Dy2Se4
97,mp-1674,Pr1Se1
98,mp-1037533,Mg30Zn1Ni1O32
99,mp-1218971,Sm1Th1N2
100,mp-1245534,Ta1V3N4
101,mp-1315,Mg1S1
102,mp-1184279,Fe3F1
103,mp-10596,Fe1Ir3
104,mp-1183721,Cr1Ag3
105,mp-1184943,K1Bi3
106,mp-984796,Ba1Th3
107,mp-982367,Pm3Zr1
108,mp-1183224,Ag1Au3
109,mp-2213,Fe1Ni1
110,mp-21432,La1Pb3
111,mp-1184225,Fe3W1
112,mp-1183838,Ce3Ho1
113,mp-1187908,Yb1As3
114,mp-621131,Ti3Ag1
115,mp-1183319,Ba3Pm1
116,mp-229,Zr1Rh3
117,mp-1186323,Nd1Sm3
118,mp-1183091,Ac3Er1
119,mp-634659,H1
120,mp-8641,W1
121,mp-1471,Zr3Al1
122,mp-1184564,Hf3Ag1
123,mp-1184065,Dy3Ho1
124,mp-1184065,Dy3Ho1
125,mp-1186635,Pm1Pr3
126,mp-1187151,Sr1Ca3
127,mp-1187102,Sr3Ag1
128,mp-978034,Rb3Sm1
129,mp-1183214,Ag3Au1
130,mp-1183307,Ac3Ce1
131,mp-1018127,Tb1Sb2
132,mp-1220385,Nb3Si3Ge3
133,mp-1215519,Zn1Cd1Ag2
134,mp-1228945,Al2Cr2Ge2
135,mp-1222045,Mn1Ga1Pd2
136,mp-1018179,Al1Au2
137,mp-1072429,Ga4Ru2
138,mp-1217079,Ti2Si6Mo1
139,mp-1228945,Al2Cr2Ge2
140,mp-1007976,Cs4
141,mp-978534,Si2Ge2
142,mp-1215640,Zn4Fe2S6
143,mp-978534,Si2Ge2
144,mp-1039008,Ce4Mg2
145,mp-1187560,Tl1Sn1
146,mp-1094168,La2Mg4
147,mp-1094342,Mg4Ti4
148,mp-1094561,Mg2Sb4
149,mvc-8386,Ca4V4Ge8O24
150,mp-752902,Li2Ni2P4O14
151,mp-773242,Li3V3Co1O8
152,mp-649878,Sn2S32I8
153,mp-557803,Mg8Si8O24
154,mp-1245024,Al40O60
155,mp-1188666,Sm6Cu6Sb8
156,mp-1237814,Sn2N2F6
157,mp-705011,Li4Fe4P8O28
158,mp-27568,Ba20Al6Ge14
159,mp-704975,Cs10Ce2Ni4N24O48
160,mp-1198238,Er6Co30Si18
161,mp-1202789,Mg4B8H44C4S2
162,mp-758315,Li12Mn21O36
163,mp-761241,Li3Fe8B8O24
164,mp-555292,P8N8F16
165,mp-764557,V6O5F19
166,mp-567548,Ba4Co4Se8O24
167,mp-569421,Hg36P20I24
168,mp-1214072,Ce6Cr20N22
169,mp-4810,Pr1Co2Ge2
170,mp-754044,Ho4Ti2O10
171,mp-625393,Mn4H2O8
172,mp-569511,Ni4Te4Pd4
173,mp-24075,Ho2H6O6
174,mp-558168,Ba4Au8F48
175,mvc-89,Ca4Nb4Cu2O16
176,mvc-8885,Mg2V4P4O20
177,mp-849742,Li2Fe8B8O24
178,mp-1222485,Li4Ti4Fe4O16
179,mp-1103425,Er2Co6Si4
180,mp-1246507,Ba8Ir2N8
181,mp-757890,Li12Si12Bi12O48
182,mp-766660,Li11Fe12B12O36
183,mp-1034150,K1Rb1Mg14O15
184,mvc-13997,Al2V2O6
185,mp-555516,H20N12O12
186,mp-1219837,Pr2Zn1As4
187,mp-558708,Nd4Cu2Ge4O16
188,mp-1147562,La1Bi2C2O2
189,mp-1247858,Ag8Te4
190,mp-774450,Ti3Cr1Fe2P6O24
191,mvc-3753,Zn4W4F20
192,mp-1219238,Sm2Cr1Fe16C2
193,mp-1077210,Lu2Ga4
194,mp-1209408,Sm46Mg8Pt14
195,mp-1182555,Cd4C28S12N16
196,mp-774821,Li4Ni4P4O16
197,mp-636654,La4Ti4Nb4Bi8O36
198,mp-1105156,Eu4Si10Pt6
199,mp-672306,Ba12In10N2
200,mp-1186702,Pr2Y2O5
201,mp-1211338,K2Tm2C4O12
202,mp-11990,Pr4Cd2Ni4
203,mp-1227770,Ca4La2Zr4O15
204,mp-642824,S3F18
205,mp-27249,Cu1C1O3
206,mp-759640,Li4Cu4C4O12
207,mp-559824,Au4Se6O20
208,mvc-16768,Mg2Ti4S8
209,mp-1208720,Sr8Ti8F40
210,mp-754840,Ta2As2O8
211,mp-6249,Sr12Nd8B16O48
212,mp-559196,Ca4Cr8P8O32
213,mp-2378,Th6Al4
214,mp-5803,Nb4P4O20
215,mp-1204439,U8As16O96
216,mp-1204011,Ag4H28C4N32O28
217,mp-1213834,Cs6Sc4Br18
218,mp-1181929,Cd2P2N2O10
219,mp-1223472,K1Fe1Cu1S2
220,mp-16480,Al12Au32
221,mp-626643,Ca1H2O2
222,mp-1206948,Ho2Cu1Sb3
223,mp-1209518,Rb8Sm4Br20
224,mp-770633,Rb2Li4Co4B6O18
225,mvc-8188,Ca2Fe4O8
226,mp-558941,Li4Y4Si4O16
227,mp-1238195,Li12Be6H24
228,mp-1189434,Nd2Lu6S12
229,mp-1025179,Rb2Np1O4
230,mp-754903,Y2B6O12
231,mp-1195874,Mg4C4O24
232,mp-1078036,U2Mo2C3
233,mp-1194543,K8Ge2Se8O8
234,mp-1202257,Fe2B4P4H6O24
235,mp-759309,Li3Ti3Mn9O24
236,mp-17901,Mn4Se8O20
237,mp-1245022,In40O60
238,mp-1192457,Sb2Ir2Xe2F24
239,mp-755476,K12Fe4P4C4O28
240,mp-1019728,Rb4Eu4P16O48
241,mp-3612,Nb4Sb4O16
242,mp-1225877,Er2Fe4Co4B2
243,mp-8249,Tl2P2S6
244,mp-1201116,Te8O48
245,mp-1227818,Ba1Sr11Al4O16F4
246,mp-18148,K12Ta4S16
247,mp-753262,Li8Co4Si12O32
248,mp-1194076,Yb12S18
249,mp-1245862,Li6Mn3N6
250,mp-1094004,Zn4Ga4S10
251,mp-20462,U3Co4Ge7
252,mp-774364,Li8Cr8P8O32
253,mp-31098,Y1B2Ir3
254,mp-772323,Li8Cr16O52
255,mp-1197498,Tb4P8H36O44
256,mp-756361,Zr4Se4O4
257,mp-583084,Rb12Er12P16S64
258,mp-570394,Pr12Ni12Sb36
259,mp-754719,V4Si4O14
260,mvc-6184,Sn6As8O32
261,mp-1205562,Ho4Mg2Ni4
262,mp-1200067,Yb8B24Ru4
263,mp-755402,V3Cr1O8
264,mp-1177618,Li3Mn1Cr3O8
265,mp-1018022,Nb1In1S2
266,mp-581681,Ca42Mn8Sb36
267,mvc-12340,Mn4Zn1S8
268,mp-22006,V2Mo2O10
269,mp-542435,Li24Sc8N16
270,mp-19155,Cr4Hg4O16
271,mp-1225595,Er4Mn2S8
272,mp-651907,Nb24In4Cl60
273,mp-28089,P16Se12I8
274,mvc-12227,Mn6Nb4O18
275,mp-1207817,Tm4Sn2Au4
276,mp-1195810,Y4Ag4I16O48
277,mp-1193947,Bi2W4Cl16O4
278,mp-1568159,Li3V4Fe1O12
279,mp-1194744,Cs3Cu20Te13
280,mp-25991,Li4Ni6P8O28
281,mp-1643503,Li8Co10Sn2O24
282,mp-555119,Sr2Ta2F14
283,mp-1078074,U1Ga5Pt1
284,mp-1209240,S4O20
285,mvc-5754,Mg4Bi8O16
286,mp-1023,Ho4Co34
287,mp-1185232,La4Co4O12
288,mp-1214600,Ba2Nd1Co1Cu2O7
289,mp-758779,Li6Mn6F18
290,mp-29593,Re8P12Cl96
291,mp-1210317,Rb8Mo12P12O68
292,mp-4242,U3Cu4Ge4
293,mp-559766,Cs6Li2F8
294,mp-1204710,Mn4Al8Si8O40
295,mp-1207694,Tm4Sb4Ir4
296,mp-27337,Xe2O4F4
297,mp-1202339,La4C8Cl4O28
298,mp-1019559,Ca8B8O20
299,mp-1120736,Na10Ti6F28
300,mp-1197699,Pt8Cl32O28
301,mp-768163,Li14Sb4S4
302,mp-560888,Cu2Mo2O8
303,mp-557638,Na2Mo4P6O26
304,mvc-1150,Ba2Mn3O8
305,mp-1208133,Yb6N8O33
306,mp-554459,Pr24S16Br4N12
307,mp-555900,Nb2Tl5S4Cl9
308,mp-774406,Cr3Ni1P6O24
309,mp-5784,Na4Ge2O6
310,mp-1264957,Al2Co6Se4Cl2O16
311,mp-16261,Ca1Ge2Rh2
312,mp-760248,Li2Fe4B4O12
313,mp-1029915,Ca8Sn4N8
314,mp-27369,Rb2Ge2Cl6
315,mp-1192169,K2Cd2C6O12
316,mp-15380,F156Se16Sb36
317,mp-755202,Li4Fe5Ni1O12
318,mp-1022730,Y1Fe2Bi2Se2O4
319,mvc-8334,Ca4Co4Ge8O24
320,mp-1203147,Na18Gd6P12O48
321,mp-707792,H12Ru18C48S6O48
322,mp-1192600,Tb12Te12N4
323,mp-1178803,Zn4Cu2C4N2Cl12
324,mp-655025,Mo4H24C8N4O30
325,mp-1196257,Ca2B24H24
326,mp-772241,Li12Mn4Al8O24
327,mp-13775,Gd8Si8O28
328,mp-1182626,Fe12P8H34O54
329,mp-405,Ga8Pd20
330,mp-1232095,Sm8Mg4S16
331,mp-1221842,Mn3B4Mo3
332,mp-672681,Nb16Zn8C6
333,mp-560869,K12V4O16
334,mvc-6623,Mg6Cr12Cu6O42
335,mp-531911,La14Mn15O48
336,mp-557213,Te8Xe4O8F40
337,mp-1203033,Li12B32O60
338,mp-1104373,Ce3Ga10Ni1
339,mp-767972,Li2Fe3Ni1O8
340,mp-581533,Cs28In16Bi24
341,mp-1193896,Ba8H16Pd4
342,mp-1204799,Tc24Te60
343,mp-13427,Sr6Hg4
344,mp-766349,Ba4Ca4I16
345,mp-10444,Ca4Al4O10
346,mp-1029857,Rb12W8N20
347,mp-1281353,Ba4La2Mn4O14
348,mp-1106254,La2Lu6S12
349,mp-1003403,Mn16H2O32
350,mp-1228071,Ba4Mg4V8Cu4O32
351,mp-6259,Sr1Li2Ta2O7
352,mp-697767,Li4Mo4P8O28
353,mp-555418,Rb6Nb2H8C12O30
354,mp-1226301,Eu4Mn2Ge8O24
355,mp-1193494,Mn4Ag4P4O16
356,mp-1025321,Rb2Cr1Br2Cl2
357,mp-34361,Tl9Bi1Te6
358,mp-756050,Ta4Cu4O12
359,mp-770811,Si8As8O28
360,mp-26293,Li1Mo1P2O7
361,mp-1018093,Ca1Ga1Ge1H1
362,mp-23705,Na6Al2H12
363,mp-1105792,Tb10Ge6C2
364,mp-684193,Sm44Br96
365,mp-556085,Rb8Li4Ta4S16
366,mp-567518,Ba56Mn4Bi44
367,mp-1094286,Sr3Mg3
368,mp-1080119,K2Pt1O6
369,mp-697592,Be4P4H12O20
370,mp-5321,Ho7Co6Sn23
371,mvc-12822,Ca4V8Bi8O40
372,mp-554328,Na2S2O8
373,mp-1202541,Bi32Mo12O84
374,mp-605835,Nd16Mg4Ru4
375,mp-1247088,Co16Te12N8
376,mp-1074181,Mg8Si14
377,mp-1237425,Tb7Co6Sn23
378,mp-1245754,K1Ru1N1
379,mp-1209763,Rb8Eu4F20
380,mp-1202576,Tb16Ga4Sb4S36
381,mp-706594,U8H56S8O76
382,mp-1229017,Bi4C12O40
383,mp-558585,Hg12P4Cl4O16
384,mp-29437,Zn16As8O36
385,mp-569207,K4Os2N2Cl10
386,mp-1220333,Nd1Er3Fe34
387,mp-756103,Y4Hg2O8
388,mp-754257,Ti2Mn3Te3O16
389,mp-1211822,K8Co2Mo6O24
390,mp-559089,P4S8N12Cl16O8
391,mp-510482,Er2Ni8As4
392,mp-1205256,Na16Nd8N40O128
393,mp-1210152,Na2Nb14V4O28
394,mp-1247310,Pt2C16N12
395,mp-1201145,Er4Al34
396,mp-556886,Li8Al6Ge6Cl2O24
397,mp-768285,Be12Ge6O24
398,mp-770286,Li6Sn2B4O12
399,mp-1247304,Cd2Ge14N20
400,mp-1247426,Zn16Si40N64
401,mp-756335,Li6Co2B4O12
402,mp-1246902,Cu2Ge14N20
403,mp-1985,C6N8
404,mp-1227455,Be2Ga4O8
405,mp-766462,Li8Fe4P4O20
406,mp-768285,Be12Ge6O24
407,mp-768285,Be12Ge6O24
408,mp-557683,Zn12B8O24
409,mp-1204046,Si106
410,mp-1245494,Mn16Zn16N32
411,mp-1247536,Mg4Ir4N8
412,mp-1245504,Cr2Fe4N6
413,mp-1029257,Zn4Re2N6
414,mp-752900,Li8Fe4Si4O16
415,mp-1245539,V4Cu4N8
416,mp-15144,Zn2Ag4Ge2O8
417,mp-1189914,Zn2Si2Ag4S8
418,mp-752524,Li4Cr2Si2O8
419,mp-770702,Li8Al4Fe4O16
420,mp-1245999,Zn4Os4N8
421,mp-768289,Li4Fe2B2O8
422,mp-984728,B2C2
423,mp-759287,Li1Cu2P1O4
424,mp-1185783,Mg6N2
425,mp-153,Mg2
426,mp-1094589,Li3Mg3
427,mp-1187241,Ta2Ir6
428,mp-1215201,Zr1Sc1
429,mp-10172,Na2
430,mp-867345,Tc2Ir6
431,mp-1185584,Mg149Cl1
432,mp-1185589,Mg149Nb1
433,mp-979011,Tm1Zr1
434,mp-21462,Eu2
435,mp-973493,Li2Lu6
436,mp-1094521,Mg2Sn4
437,mp-1087479,Cr2Co6
438,mp-981935,Li5Mg1
439,mp-1186291,Nd6Y2
440,mp-1183178,Ag2As2
441,mp-1186753,Pr1Nd1
442,mp-976139,Li3Mg1
443,mp-1186286,Nd6Tm2
444,mp-1187129,Sr6H2
445,mp-1184885,Ho1Zr1
446,mp-1187458,Tc1Pt1
447,mp-1187458,Tc1Pt1
448,mp-1186266,Nd6Dy2
449,mp-1025526,Lu2Au6
450,mp-975586,Pr6Y2
451,mp-976221,K6Sm2
452,mp-1186565,Pm2Dy6
453,mp-1185168,K2Rb6
454,mp-1094665,Li1Mg3
455,mp-1186976,Sc6Sn2
456,mp-568337,Th2Rh4
457,mp-383,Rb4Te2
458,mp-579718,Th2Cu1
459,mp-1074738,Mg8Si4
460,mp-1208228,Ti3Nb1Al2
461,mp-1018796,Mg4Si2
462,mp-22514,Mn4Sn2
463,mp-1206322,Ce2Ag4
464,mp-1071536,U2Sn2Au2
465,mp-21486,Tm4In2
466,mp-975644,Be1F2
467,mp-30495,Sm1Cd2
468,mp-20762,U2Sn2Pd2
469,mp-31000,N4O4
470,mp-1180220,N4O4
471,mp-556660,C8O8
472,mp-31000,N4O4
473,mp-632291,H2
474,mp-1091399,O8
475,mp-861889,Sc6Tc2
476,mp-1187635,Tm6Al2
477,mp-1207127,Cu2Sn2Pd4
478,mp-1005760,Tl6Os2
479,mp-1183817,Dy2Mg6
480,mp-866201,Ti6Bi2
481,mp-1187478,Ti2Cd6
482,mp-1094340,Mg1Ti5
483,mp-1186754,Pr6In2
484,mp-1094906,Ca5Mg1
485,mp-864735,Mn6Ir2
486,mp-865193,Co6Pt2
487,mp-1094292,Sr5Mg1
488,mp-1183107,Ac6I2
489,mp-1187048,Sn6Au2
490,mp-1094548,Mg6Sb2
491,mp-1186861,Rb6Na2
492,mp-1184355,Ga6Ge2
493,mp-30722,Sc2Hg6
494,mp-1187017,Si2Pb6
495,mp-983509,Na6Cd2
496,mp-1094988,Mg1Sn3
497,mp-1184391,Eu6Cr2
498,mp-976356,Nd2Sc6
499,mp-1185925,Mn3I1
500,mp-768,Tm1Al3
501,mp-1186429,Pm1
502,mp-1184154,Er3Hg1
503,mp-1020,Ta1Rh3
504,mp-977585,Zr3Tl1
505,mp-2093,Pr3Al1
506,mp-581934,Pu3Ge1
507,mp-1187581,Tm1Ru3
508,mp-1018061,Fe1H3
509,mp-1184331,Er1Pa3
510,mp-973777,Hg3F1
511,mp-1183916,Cs1Ho3
512,mp-1184165,Er3Ga1
513,mp-1184926,Ho1Np3
514,mp-1184733,Gd1Th3
515,mp-979009,Th3Be1
516,mp-862864,Pa3Ge1
517,mp-1094791,Mg3Zn1
518,mp-1018101,Al1Co3
519,mp-1187700,U1Mn3
520,mp-111,Ne1
521,mp-1185406,Li1Pr3
522,mp-21431,Ho1In3
523,mp-1183295,Ba3Sb1
524,mp-1186028,Na3Ga1
525,mp-1186463,Pd1S3
526,mp-974332,S3Br1
527,mp-1097832,C2
528,mp-19819,Gd1In1
529,mp-21293,Li3In2
530,mp-1096915,Cs1
531,mp-22787,Fe4Si2
532,mp-1216538,U1Nb1
533,mp-1218999,Sn1As1Pd6
534,mp-1099090,Ba1Mg14Fe1
535,mp-1100191,Y1Mg5
536,mp-1094315,Zr8Sn6
537,mp-1094492,Mg2Zn4
538,mp-1185208,Li6Lu2
539,mp-1185881,Mg1Hg3
540,mp-1094660,Mg1Ga3
541,mp-1094648,Mg3Ga3
542,mp-1186290,Nd6Zn2
543,mp-30596,Cu11Sb3
544,mp-1094987,Mg2Al2
545,mp-1094422,Mg4Zn2
546,mp-1094509,Mg3Ti3
547,mp-1094612,Mg5Ga1
548,mp-862857,Pa2S6
549,mp-1094759,La3Mg1
550,mp-1094407,Y3Mg3
551,mp-1094416,Mg8Ti8
552,mp-568286,C4
553,mp-1018088,C4
554,mp-604884,B2N2
555,mp-981544,Pr3
556,mp-567638,Ta4Pt12
557,mp-1220129,Nd3Dy3
558,mp-975590,Kr3
559,mp-1018134,Li3
560,mp-570017,Mg20Au60
561,mp-1222752,La3Y3
562,mp-990448,C2
563,mp-1014296,C6N2
564,mp-344,B4N4
565,mp-1183872,Ce3Cu1
566,mp-1183694,Cs1
567,mp-1187030,Sn3Ge1
568,mp-867780,Al3Cr1
569,mp-971835,Tl3H1
570,mp-1094293,Sr3Mg1
571,mp-977314,Na1Lu3
572,mp-1184001,Ga1Cu3
573,mp-973308,Mg1In3
574,mp-2554,Al3V1
575,mp-1184268,Ga3Hg1
576,mp-999394,Nb3Ni1
577,mp-974745,Rb3Tm1
578,mp-974445,Re3Ge1
579,mp-1097223,Y1Zn1Au2
580,mp-1056831,O1
581,mp-1096673,Mn1Cd1Rh2
582,mp-1097605,Al1Tc2W1
583,mp-1096256,Sc2Pd1Rh1
584,mp-1096193,Zr2Cr1Tc1
585,mp-1096611,Zr1Sc1Pd2
586,mp-1095779,Al1Ga1Ni2
587,mp-1096610,Y2Mg1Ga1
588,mp-1095827,Re1Si2Tc1
589,mp-1097647,Y2Pd1Pt1
590,mp-1097521,Ca2Tl1Ga1
591,mp-1096394,Li1Mg1Pt2
592,mp-1097210,La1Cd2In1
593,mp-1097653,Cr1Ga1Ru2
594,mp-1097638,Ca1La1Pb2
595,mp-1097147,Mg1Be2Os1
596,mp-1093704,Na1Tl2Sn1
597,mp-1097518,Ta1Cr2Re1
598,mp-1096687,Na1Pb1Au2
599,mp-1097276,La1Ag2Au1
600,mp-1096370,Li1Ge2Ir1
601,mp-1093545,Tl1Ag1Pd2
602,mp-1097116,Ca2Zn1Pd1
603,mp-1097130,Ti1V1W2
604,mp-1097082,Hf1Zr1Rh2
605,mp-1096465,Sr2Cd1Ag1
606,mp-1096360,Na1Sr2Mg1
607,mp-1097312,Zr2Tc1Ir1
608,mp-1093659,Ca2Al1Tl1
609,mp-1093696,Ca2Mg1Al1
610,mp-1095930,Al1Si1Tc2
611,mp-1095725,In1Hg1Pb2
612,mp-1093866,Ta2Re1Pd1
613,mp-1093744,Sc1Ag2Sn1
614,mp-1096201,Mg2Cd1Ir1
615,mp-1097544,Be1Ga1Pd2
616,mp-1096733,Li2In1Bi1
617,mp-1097634,Nb1Fe1Tc2
618,mp-1097552,La1Sc1Tl2
619,mp-1096727,Ba2Li1Mg1
620,mp-1096706,Sr2Pd1Au1
621,mp-1096351,Nb1V1Re2
622,mp-1096541,Li1Sc2Pd1
623,mp-1097327,Y1Sb1Rh2
624,mp-1097538,Zr2Pd1Au1
625,mvc-13729,Bi2N2
626,mvc-13729,Bi2N2
627,mp-1057273,Pb2
628,mp-1057273,Pb2
629,mp-1066771,Zr2Si2
630,mp-1094336,Sr1Mg1
631,mp-1008223,Ca1Se1
632,mp-1009458,Nb1C1
633,mp-1002184,Tc1B1
634,mp-1700,Al1N1
635,mp-1007778,Tl1N1
636,mp-1009491,Rb1Te1
637,mp-1550,Al1P1
638,mp-866291,Ag1Br1
639,mp-2293,Mn1Se1
640,mp-980940,Ti3N1
641,mp-1184910,K3Ba1
642,mp-1186990,Sc1Pb3
643,mp-1184710,Ho3As1
644,mp-862714,Be3Ir1
645,mp-2614,Hf1Al3
646,mp-1183720,Cd1Sn3
647,mp-1187805,Y3Sn1
648,mp-1094312,Zr1Sn3
649,mp-977057,Np1As3
650,mp-1183650,Cd1Hg3
651,mp-977230,Li3Tc1
652,mp-981383,Sc1Sn3
653,mp-971934,Zn3In1
654,mp-1281,V1Ir1
655,mp-974368,Rh3Pb1
656,mp-1184793,Hf1Np3
657,mp-1184916,K3Mn1
658,mp-1183658,Cd3Bi1
659,mp-2313,Mg1In1
660,mp-1094567,Li1Mg3
661,mp-1185063,K1Pm3
662,mp-1215236,Zr1Ti1
663,mp-1187668,U3Ge1
664,mp-1185117,La3Nb1
665,mp-1225224,Fe3Si2Ni3
666,mp-971633,Na2Fe2O4
667,mp-3744,Na2Nb2O4
668,mp-20584,Rb1Eu1S2
669,mp-2059,Nb2As2
670,mp-7015,Cs1Ce1S2
671,mp-10778,Rb1Pr1Se2
672,mp-3332,Na1Cr1Se2
673,mp-558762,K1Sn1S2
674,mp-3535,Rb1Ce1S2
675,mp-999120,Tc2B2
676,mp-1206637,Li1V1Se2
677,mp-20042,Tl2In2S4
678,mp-1001604,Lu1Tl1S2
679,mp-22936,Ca2N1Cl1
680,mp-2634,Nb1N1
681,mp-1218383,Sr4Br1N2Cl1
682,mp-1218106,Ta3Mn1N4
683,mp-676985,Yb2Pa2O8
684,mp-676985,Yb2Pa2O8
685,mvc-13985,Sn2F8
686,mp-20619,Sb4Rh4
687,mp-22270,Co4P4
688,mp-1226133,Co1Mo4N5
689,mp-22079,As4Rh4
690,mp-15650,As4Ru4
691,mp-1221780,Mn3Fe1As4
692,mp-753946,Li1Co1S2
693,mp-555170,B12S1
694,mp-867202,Sr4
695,mp-1409,Ti4Ni12
696,mp-1188129,Zr4Pt12
697,mp-1105911,Ti4Pd12
698,mp-8566,Ag4
699,mp-30841,U4Pd12
700,mp-30841,U4Pd12
701,mp-1187761,Xe4
702,mp-976411,Li4
703,mp-1067880,Ga4
704,mp-1067880,Ga4
705,mp-999498,N4
706,mp-1096941,Cu1S1
707,mp-999498,N4
708,mp-558312,Li4O4
709,mp-1008471,Cd2Te2
710,mp-1105839,Sm2Co8B8
711,mp-676089,Fe2Co1Se4
712,mp-557835,Tl2F2
713,mp-1221834,Mn1Cr3Te4
714,mp-10204,Mn2Se2
715,mp-849065,V2S2
716,mp-1221754,Mn1Co1Se2
717,mp-38006,Ni2Sb1Te1
718,mp-1224903,Fe1Ni1S2
719,mp-29131,V2Se2
720,mp-1221333,Mn1Ni1Sb2
721,mp-1225146,Fe4Sn4Pt4
722,mp-1224966,Fe1Co1Se2
723,mp-426,Co2Se2
724,mp-1218018,Ta4Ga2Ni6
725,mp-1207954,U4Mn6Si2
726,mp-1216307,V4Si4Ni4
727,mp-1225366,Dy2Fe1Co3
728,mp-1220599,Nb4V4Ni4
729,mp-670,Nb2Co4
730,mp-1184321,Eu2Mg4
731,mp-1102035,Sm4Re8
732,mp-16331,Er2S4
733,mp-1215286,Zr4Mn4Fe4
734,mp-1215560,Zr3Nb1Zn8
735,mp-10366,Nb4Co6Si2
736,mp-1215318,Zr2Al2Cu2
737,mp-537,Er2Co4
738,mp-570960,Hf4Os8
739,mp-1215175,Zr1Ti1W4
740,mp-1077750,Yb1Cu4Pd1
741,mp-1038,Mg2Cu4
742,mp-568315,Cd8Cu16
743,mp-1216725,U1Pt2Au3
744,mp-1226844,Ce4Mn6Al2
745,mp-1388,Dy2Rh4
746,mp-1224182,Hf1Ti1W4
747,mp-1071890,Nd1In1Pt4
748,mp-1190681,Zr8Fe16
749,mp-1665,Yb2Fe4
750,mp-1225288,Dy2Al3Cu1
751,mp-1215217,Zr1Nb1Cr4
752,mp-1219827,Pu4Al4Fe4
753,mp-1215957,Y2Co2Ni2
754,mp-1216016,Zr6V4Ni8
755,mp-2674,Y2Pt4
756,mp-1226460,Co6P2W4
757,mp-1224426,Hf4Al4Ir4
758,mp-1206371,Nb2H2
759,mp-1073728,Mg2Si2
760,mp-362,Ni3S2
761,mp-766348,Ba4Ca4I16
762,mp-695817,Sc1F3
763,mp-1062989,Ce1O2
764,mp-1077457,Eu6
765,mp-1079649,Si8
766,mp-644899,U8Ir8
767,mp-1215721,Zn22Sb2Ru6
768,mp-1188109,Ho6In10
769,mp-1106153,Er6In10
770,mp-1100149,Cs1Rb1Mg6
771,mp-1079139,K6Co2
772,mp-30872,Th2Sn4
773,mp-11814,Rb2Au3
774,mp-1691,La4Ni6
775,mp-1219388,Sc4Mn1Si7
776,mp-12701,Nd2Sn4
777,mp-1084826,Nd4Co6
778,mp-12701,Nd2Sn4
779,mp-1104535,Hf4Cu2Si8
780,mp-20412,In8As8
781,mp-1225675,Cu1P1S2
782,mp-128,Ge8
783,mp-20412,In8As8
784,mp-1200568,Zn18S18
785,mp-647075,Zn64S64
786,mp-570690,Si9C9
787,mp-1200168,Si29C29
788,mp-10281,Zn4S4
789,mp-560725,Zn16S16
790,mp-1202959,Zn18S18
791,mp-680085,Zn44S44
792,mp-554889,Zn24S24
793,mp-554115,Zn24S24
794,mp-556363,Zn18S18
795,mp-568348,P84
796,mp-1094075,P10
797,mp-558552,Ta12S2
798,mp-16505,La3Al11
799,mp-568623,Sc88Os14
800,mp-568623,Sc88Os14
801,mp-639874,Ta20Al10
802,mp-1213865,Ce3Al11
803,mp-1097738,Cr4N8
804,mp-545974,Al2P2O8
805,mp-1245768,Mg4Cd2N4
806,mp-18939,Li1Co1C4O4
807,mp-1029265,Mg4Zn2N4
808,mp-1245492,Mn2C4N4
809,mp-1246421,Cr4Cd2N4
810,mp-865808,Li1Nd2Ir1
811,mp-90,Cr2
812,mp-1227342,Be2Co1
813,mp-1206578,In1Ag1I2
814,mp-1226716,Cd1Ag1
815,mp-1216329,V1Fe4
816,mp-1228910,Al2Fe1Ni1
817,mp-1217811,Ta1W1
818,mp-1217020,Ti1Al1Fe2
819,mp-1224965,Fe1Ni1
820,mp-1255847,Na1Al3
821,mp-1186021,Na2Hg1Au1
822,mp-27587,Li8Pb3
823,mp-1215462,Zn1Cu1
824,mp-1224780,Fe3Ni1
825,mp-1217812,Ta1V1
826,mp-1101401,Rb1Pr1O2
827,mp-1228839,Al1W3C4
828,mp-1086669,Ni2P4W2
829,mp-1007761,H2W2
830,mp-1094027,Tm2Te2
831,mp-1008965,Cd1N1
832,mp-10052,Ti2As2
833,mp-1211056,Li1Mo1N2
834,mp-19149,Na4Ni4O8
835,mp-568908,Ti2As2
836,mp-1078836,K2I2
837,mp-1216670,Ti1V1As2
838,mvc-15387,W2N2
839,mp-9378,Na1Sn2As2
840,mp-20050,In2P6
841,mp-1218893,Sr1Ca2Si6
842,mp-7542,Ge2P6
843,mp-20878,Pb4O4
844,mp-20878,Pb4O4
845,mp-235,S4N4
846,mp-96,S32
847,mp-561513,S28
848,mp-557869,S48
849,mp-1022697,Y1Hf1Mg6
850,mp-1224941,Fe1Mo2
851,mp-1186484,Pm4Mg2
852,mp-1104675,Tm6Pd8
853,mp-1228777,Al4Fe5Rh1
854,mp-29630,Li14Ge4
855,mp-1217677,Tb2Cu1Ag1
856,mp-1187446,Th1Ti3
857,mp-1184875,K3Ir1
858,mp-266,Zr2Pd1
859,mp-1215448,Zn2Pd1Au1
860,mp-1220635,Nb3Pd1
861,mp-193,Zr2Cu1
862,mp-541155,V4S16
863,mp-1190675,Ba8Si8C8
864,mp-22236,In12Co4
865,mp-29732,Ta4Mn8Si10
866,mp-1945,Nd4Cu24
867,mp-18614,In12Rh4
868,mp-644883,Cu4Ag12S8
869,mp-644883,Cu4Ag12S8
870,mp-672204,Ga12Ru4
871,mp-118,P24
872,mp-1218835,Sn2Ge2Se4
873,mp-691,Sn4Se4
874,mp-505164,Nb4Te16Ir4
875,mp-1064979,Na2I2
876,mp-1180981,I1
877,mp-1018849,Os3N3
878,mp-1018734,Ir3N3
879,mp-1197830,C16I16
880,mp-1189265,Na4Cl12
881,mp-1228732,B2H8N2
882,mp-7224,Th2C4
883,mp-975336,K4C4S4N4
884,mp-601401,K4C4S4N4
885,mp-1188510,Cs2Sb4F14
886,mp-505824,Cs2Pd1C2
887,mp-1210637,Th4B8Os8
888,mp-1221574,Mn2O4
889,mp-1179886,Na1H1F2
890,mp-29764,Rb2H2F4
891,mp-1223509,K2C2S2N2
892,mp-11514,Nb1Pt2
893,mp-11513,Nb1Ni3
894,mp-864758,Na3In1
895,mp-1186284,Nd3Pa1
896,mp-1186263,Nd3Cd1
897,mp-1961,Ti1Ag1
898,mp-1186989,Sc1Os3
899,mp-1185519,Lu1Ru3
900,mp-999545,Mn3Fe1
901,mp-1225483,Er1In2Sn1
902,mp-11513,Nb1Ni3
903,mp-1219733,Pr1Y1Sn6
904,mp-1223666,Ir4W1
905,mp-1224702,Fe2Pt1Rh1
906,mp-1187405,Th3Cd1
907,mp-1221442,Mo1Pd4
908,mp-1078514,Zr2Ni2P4
909,mp-1017541,Zr1Ir1
910,mp-980192,Yb1Os3
911,mp-1017541,Zr1Ir1
912,mp-1206043,Tb2Ag2As4
913,mp-7194,Tb2Cu2As4
914,mp-2583,Ti1Rh1
915,mp-1196164,Pr8As16Au8
916,mp-10991,Y2Cu2As4
917,mp-1078739,Y2Ag2Sb4
918,mp-1094651,Mg1Ga5
919,mp-1039368,Ca1Mg1
920,mp-1186898,Rb1Yb1
921,mp-995205,V1Mo1
922,mp-1216575,Tl4Bi1
923,mp-1187218,Ta6C2
924,mp-995205,V1Mo1
925,mp-1094181,Hf1Mg1
926,mp-1216290,V1Pd3
927,mp-1185974,Mg2Pb6
928,mp-1038972,Mg1Cd1
929,mp-1184314,Ga6Rh2
930,mp-972889,Sc2Sn6
931,mp-1187812,Zn3
932,mp-1215579,Zn1Pd4
933,mp-1183615,Ca1Np1
934,mp-1185280,Li6Te2
935,mp-1184519,In6Cl2
936,mp-1094882,Mg1Zr1
937,mp-1183615,Ca1Np1
938,mp-972733,Si6B2
939,mp-1224926,Ga1Fe1
940,mp-1094361,Mg4Ti2
941,mp-1184320,Fe6O2
942,mp-1217130,Ti2Cu1Ni1
943,mp-862980,Pm2Al6
944,mp-1039345,Ce2Mg4
945,mp-1038860,Ce4Mg2
946,mp-1184316,Ga6Au2
947,mp-975170,Rb2Hg6
948,mp-1186408,Pa2Si6
949,mp-1094339,Mg4Ti8
950,mp-979013,Sm2Ge6
951,mp-982557,Ho2Ga6
952,mp-1094335,Sr4Mg2
953,mp-1185842,Mg2Ag4
954,mp-1094822,Mg2Bi4
955,mp-1094695,Y2Mg2
956,mp-13674,Na8Ge8Au24
957,mp-567485,Ca8Ga8Au24
958,mp-1184194,Dy1Mg16Al12
959,mp-981988,Y1Mg16Al12
960,mp-21613,K5Pb24
961,mp-1185734,Mg16Ti1Al12
962,mp-971834,Y1Mg16Al12
963,mp-1185711,Mg16Al12Sn1
964,mp-983411,Lu1Mg16Al12
965,mp-11558,Sc5Re24
966,mp-982005,Th1Mg16Al12
967,mp-975395,Nd1Mg16Al12
968,mp-1245745,Mg1Ti1N2
969,mp-755272,Li3V5O8
970,mp-1038548,Hf1Mg30Nb1O32
971,mp-1006891,K1Sm1Se2
972,mp-1038321,Y1Mg30Al1O32
973,mp-1174218,Li4Mn3Co1O8
974,mp-777279,Li20Fe4O4F20
975,mp-753906,Li4Mn2O4F2
976,mp-756324,Li3Ti1Co4O8
977,mp-755724,Li3V2Ni1O6
978,mp-1036763,Mg30V1Sn1O32
979,mp-756969,Li6V3Fe3O12
980,mp-770328,Li8Cr6Fe2O16
981,mp-756763,Li3Cr1Co4O8
982,mp-1038085,Sr1Mg30Mn1O32
983,mp-999121,Tb1Tl1Te2
984,mp-754722,Li4Ti3Mn1O8
985,mp-1175898,Li9Mn2Co5O16
986,mp-1177300,Li4V1Cr3O8
987,mp-1038548,Hf1Mg30Nb1O32
988,mp-753337,Li4V2Ni2O8
989,mp-1038310,Mg30Al1Cu1O32
990,mp-1036397,Sr1Ca1Mg14O16
991,mp-1174566,Li8Mn2Co4O14
992,mp-1276282,Li8Al4Co4O16
993,mp-1037433,Y1Mg30B1O32
994,mp-769553,Li10Co4Ni6O20
995,mp-1174081,Li4Mn1Co3O8
996,mp-1036133,Na1Mg14Mn1O16
997,mp-1280637,Li8Mg2Ni6O16
998,mp-4573,Tl1Sb1Te2
999,mp-5694,Na1Ho1S2
1000,mp-1223637,In1Sb1
1001,mp-1218964,Sn1Bi1
1002,mp-7859,Zr2S2
1003,mp-1184591,Hg2
1004,mp-292,V6As2
1005,mp-1217222,Ti12Co6Ni6
1006,mp-18503,Al8Re12B4
1007,mp-1220795,Nb12Sn3Sb1
1008,mp-1080016,Tl6Ir2
1009,mp-1228829,Al1V6Ge1
1010,mp-446,Cr6Pt2
1011,mp-1216452,V6Si1C1
1012,mp-1216443,V6Fe1Ni1
1013,mp-30790,Zr2Mo6
1014,mp-958,Cr6Rh2
1015,mp-10229,Nb6Si2
1016,mp-1217277,Ti16Fe4Ni4
1017,mp-839,V6Au2
1018,mp-866076,Nd2Au6
1019,mp-1094950,Mg1Ga3
1020,mp-1094338,Sr2Mg6
1021,mp-1187772,U6Ti2
1022,mp-862289,Ac2Hg6
1023,mp-1100174,Cs1Mg6Bi1
1024,mp-1185918,Mg1In5
1025,mp-2004,Cu20Sb6
1026,mp-1080094,Sr2Hg6
1027,mp-1094453,Y3Mg3
1028,mp-1206080,Zr2Zn4Ge2
1029,mp-1185903,Mg2In4
1030,mp-1193675,B28
1031,mp-3250,Ni4Sb2Te4
1032,mp-1071351,U2Te2P2
1033,mp-560887,Zn8Ga8N8O8
1034,mp-1191849,Cu8Sn4Se12
1035,mp-1078918,Zn1Cu2Sn1Se4
1036,mp-1229187,Ag4Sn2Hg3Se9
1037,mp-1245526,Li2Ru2N4
1038,mp-15703,Be2C2N4
1039,mp-1226788,Cd2Ge2As2P2
1040,mp-5342,Ga2Ag2S4
1041,mp-1232397,Zn1Cu2Si1Se4
1042,mp-756200,Li8Si4Ni4O16
1043,mp-1079661,B1C7
1044,mp-1224147,In1Ga1Cu2Se4
1045,mp-1216277,Zn4Fe1Cu10Sn5Se20
1046,mp-1221664,Mn1Cd2Te3
1047,mp-5782,Al2Ag2S4
1048,mp-1226820,Cd5Te1S4
1049,mp-1210796,Li8Mn4Ge4O16
1050,mp-3668,Cd2Ge2P4
1051,mp-1199937,K81
1052,mp-1105040,Ta6Zn7
1053,mp-574458,Zr42Re50
1054,mp-31506,Mg32Al36Ag13
1055,mp-1188750,Nd4Ir14
1056,mp-1192978,Cs2K14Rb10
1057,mp-1224802,Ga1Pd1
1058,mp-1186027,Mo1Se1
1059,mp-1039305,Mg1Bi1
1060,mp-972742,Sm1Br1
1061,mp-978652,Si2Hg6
1062,mp-978679,Sm1I1
1063,mp-1223656,In1Pt1
1064,mp-1228895,Al1Ga1Sb2
1065,mp-406,Cd1Te1
1066,mp-1215445,Zn1Ga1As1Se1
1067,mp-22895,Cu1I1
1068,mp-1222145,Mg3Mn1Te4
1069,mp-1008523,B1C2N1
1070,mp-1221936,Mg1Mn1Te2
1071,mp-5213,Cd2Sn2P4
1072,mp-1219383,Sc3In1P4
1073,mp-1008556,Al1Ga1N2
1074,mp-4840,Ga2Cu2Se4
1075,mp-30148,B2C4N2
1076,mp-1215574,Zn1Ga1Cu1Se3
1077,mp-1184731,H2Pb2
1078,mp-1066821,S2N2
1079,mp-137,Ge12
1080,mp-1072544,Si6
1081,mp-1246341,In8Ga4N12
1082,mp-1181848,Cd1Hg1S4
1083,mp-158,As4
1084,mvc-15384,Sb2N2
1085,mp-1064307,Te4
1086,mp-23154,Br4
1087,mp-1221534,Mn1Zn3S4
1088,mp-1184819,In2C2
1089,mp-1073523,Mg4Si8
1090,mp-1075658,Mg10Si18
1091,mp-28566,Na8Ti8Se32
1092,mp-1073623,Mg4Si8
1093,mp-18344,Ta4Tl8S22
1094,mp-1073604,Mg4Si8
1095,mp-505171,Na4Ti4Cu4S12
1096,mp-984,B2N2
1097,mp-984,B2N2
1098,mp-1007824,Ga2N2
1099,mp-568938,Pr1
1100,mp-55,Sn1
1101,mp-1018128,Sc1Ag2
1102,mp-1059552,Sm1Bi1
1103,mp-1008617,Yb1Ag2
1104,mp-1644,Pr1Sb1
1105,mp-1228817,Al1Re1Ge1
1106,mp-3402,U2Te2N2
1107,mp-1078453,Ba2Al2Ge2F2
1108,mp-1079195,Sr2Mn2P2F2
1109,mp-546790,La2Cu2Te2O2
1110,mp-29797,Gd2Br2O2
1111,mp-552806,Ba2Bi2Cl2O4
1112,mp-23116,Cu2Bi2Se2O2
1113,mp-22917,Cu2Br2
1114,mp-27762,U2Br2N2
1115,mp-9304,Dy2Cu2Se2O2
1116,mp-754969,Tm2Br2O2
1117,mp-20422,K2Mn2P2
1118,mp-28066,Th2Br2N2
1119,mp-20807,Sr2Fe2As2F2
1120,mp-505531,Fe2S2
1121,mp-1226328,Cr4Te3S1
1122,mp-28893,Re8B8
1123,mp-1221528,Mn2Sb1As1
1124,mp-531611,Mg2Al4B56
1125,mp-978292,Mg3P3
1126,mp-1247328,Ni8Ru2N8
1127,mvc-2426,Ti4Zn4O8
1128,mp-554272,Cu24Sb8S24
1129,mp-644693,Si8
1130,mp-1015065,Cr12N16
1131,mp-1246345,Mn8Ir2N8
1132,mp-62,Pa1
1133,mp-1018131,Lu1Ag2
1134,mp-1215193,Zr1U1
1135,mp-1620,Si2W1
1136,mp-624889,C8
1137,mp-972353,U3Pa1
1138,mp-1184315,Eu1S3
1139,mp-1094918,Ce4Mg2
1140,mp-64,Ce2
1141,mp-1075851,Mg6Si4
1142,mp-1075576,Mg10Si12
1143,mp-1022684,Y1Mg6C1
1144,mp-1190232,Yb6Sn10
1145,mp-1188870,Pr4Zn12
1146,mp-1227096,Ca2Ga2Cu2
1147,mp-29777,Er4Ge10
1148,mp-7756,Sr4Li4Sb4
1149,mp-1220072,Nd2Sn2Au2
1150,mp-1188870,Pr4Zn12
1151,mp-1103670,Tb4Ga4Ni4
1152,mp-1073809,Mg6Si6
1153,mp-1215776,Zr2Ga3Co1
1154,mp-21161,Sm4Sn4Pt4
1155,mp-636287,Eu3Ga4Ni4
1156,mp-1075104,Mg6Si8
1157,mp-1188370,La6Sn10
1158,mp-1101989,Sr4Li4As4
1159,mp-20347,Nd4Sn4Pt4
1160,mp-1226896,Ce4Ge4Ir2Rh2
1161,mp-582406,Gd2Zn6Ge3
1162,mp-1099112,Rb1Ca1Mg6
1163,mp-1094332,Sr3Mg3
1164,mp-959,La2Al6
1165,mp-8312,Ta5As4
1166,mp-8312,Ta5As4
1167,mp-1220609,Nb8Cr16
1168,mp-1187108,Sn6Ru2
1169,mp-17141,Er6Al4Ni12
1170,mp-2717,Zr2Ni7
1171,mp-1039108,Ca2Mg4
1172,mp-1190972,In4Pd17Se4
1173,mp-12741,Mg4Pd8
1174,mp-30179,Mn12Al62Ni4
1175,mp-567929,Al13Os4
1176,mp-1215897,Zn53Co7
1177,mp-669382,Co46
1178,mp-632693,Zr10In8Rh4
1179,mp-1225714,Fe30Si6As6
1180,mp-1227305,Bi1Te1
1181,mp-1078644,Sn4O4
1182,mp-1007918,Dy2Au2
1183,mp-1448,Nd2Ga2
1184,mp-1212983,Er16Mg4Ge16
1185,mp-1025444,Er4Pt4
1186,mp-999291,Pr2Pd2
1187,mp-1025438,Lu4Pt4
1188,mp-20857,Co4B4
1189,mp-2147,Sr2Ge2
1190,mp-11228,Y2Al2
1191,mp-12774,Th2Ir2
1192,mp-542005,Ce20Ge8Rh4
1193,mp-1007881,Fe2B2
1194,mp-1018086,Ce2Pd2
1195,mp-7092,Ti4Si4
1196,mp-1007881,Fe2B2
1197,mp-2102,Pr4Ge4
1198,mp-542632,Gd2Ni2
1199,mp-35071,In2Ag2Se4
1200,mp-8390,Li2Yb2O4
1201,mp-1223871,K4Na1Cl5
1202,mp-1229237,Ag1Sb1Te16Pb14
1203,mp-1178952,Te4
1204,mp-1035835,Y1Hf1Mg14O16
1205,mp-1038496,Mg30Cd1C1O32
1206,mp-1037306,Mg30Nb1Cu1O32
1207,mp-1173043,Na2Bi2S4
1208,mp-1174175,Li4Mn3Co1O8
1209,mp-1287184,V4O4
1210,mp-1036367,Ca1Mg14Cr1O16
1211,mp-1037960,Ca1Mg30Cr1O32
1212,mp-1222163,Mg16Fe4O20
1213,mp-1036378,Ca1Y1Mg14O16
1214,mp-1036367,Ca1Mg14Cr1O16
1215,mp-1032273,Mg6Cu1Si1O8
1216,mp-1037903,Ca1Mg30Nb1O32
1217,mp-1021327,K1Li1I1Cl1
1218,mp-10910,Al4Ru2
1219,mp-10910,Al4Ru2
1220,mp-1185857,Mg2Au4
1221,mp-10910,Al4Ru2
1222,mvc-14624,Mo2N2
1223,mp-755509,Li4Mn4Al4O12
1224,mp-1246755,Mn12Fe8N16
1225,mp-1239335,Mg4Ni4O8
1226,mp-22170,Li8Pb2O8
1227,mp-1120447,Si8
1228,mp-574424,Se8N8
1229,mp-542738,S16N16
1230,mp-556269,S72
1231,mp-640917,Si3O6
1232,mp-1099805,Mg4Mn4O10
1233,mp-1094126,Sm2Fe2O5
1234,mp-1245808,Ca8Ir2N8
1235,mp-768229,Li4Bi2S6
1236,mp-1003735,Mg4Mn8O16
1237,mp-20693,In1Fe2O4
1238,mp-705416,Fe24O32
1239,mp-772397,Li10W2N2O8
1240,mp-753376,Li28Mn4O16F8
1241,mp-1247455,Sr10Pb4N12
1242,mp-755022,Li4Co2O2F6
1243,mp-571419,Zr2Al4C5
1244,mp-1079543,Pb4S4
1245,mp-19366,Lu1Fe2O4
1246,mp-850218,Li35Fe8O32
1247,mp-30336,Al12W3
1248,mp-1212628,Ho12Ga60Ru16
1249,mp-655,Na18As6
1250,mp-1214686,As12Pd30
1251,mp-1104047,Al12Tc3
1252,mp-1075111,Mg6Si8
1253,mp-1190353,Na12Rh4
1254,mp-1215027,Al84Pt20
1255,mp-1208953,Sm4Al18Co6
1256,mp-1074050,Mg18Si10
1257,mp-569900,Sc12Zn68
1258,mp-905,La6F18
1259,mp-1208587,Ta22Si4Se16
1260,mp-1209496,Rb4Ce4F16
1261,mp-504644,K4Ce4F16
1262,mp-674849,Tl2Bi2F8
1263,mp-1213259,Mn32Sn20
1264,mp-607738,Ce8Zn8Rh8
1265,mp-1102147,Sc1P4Rh6
1266,mp-1217269,Te1Se2
1267,mp-1217322,Te3Se3
1268,mp-570806,Mg60Al48Ag38
1269,mp-1216708,V18Ni12
1270,mp-1217804,Ta22Al8
1271,mp-557559,S28
1272,mp-555760,S9
1273,mp-1200038,Na8Ag8I16O24
1274,mp-1173360,Os2O4F4
1275,mp-1188358,Sn4Cl8O8
1276,mp-1215087,Ag3S1I3
1277,mp-626973,Ba8H16O16
1278,mp-1087524,Li2H4N2
1279,mp-33024,H8S4
1280,mp-1095223,O4F8
1281,mp-504825,Se8Cl8
1282,mp-23674,Na4H16Br4O8
1283,mp-696649,K2H4I6O2
1284,mp-569224,Sb4I12
1285,mp-1180142,Mn2C2O6
1286,mp-1179724,Rb2Li4H12N6
1287,mp-558934,Hg36Cl12O12
1288,mp-753520,Li12Bi4S12
1289,mp-766711,Li16Si8Ni8O32
1290,mp-620369,Ta2Ag14S12
1291,mp-3704,Cs4Mn6Se8
1292,mp-761683,Na8Ti2O8
1293,mp-1257155,Sr4Al2Ga2Fe4O14
1294,mp-540939,Ti4Tl16S16
1295,mp-1029921,Ca6Al6N10
1296,mp-1245757,Sr6In6N10
1297,mp-18685,Sr3Cu6Ge3S12
1298,mp-772190,Li24Ti8O28
1299,mp-1190974,Si4Ag8S12
1300,mp-1245997,Cd6Ga6N10
1301,mp-768536,Cs12La4O12
1302,mp-1245673,Mn6Fe4N8
1303,mp-1190145,Na4In4Ge2S12
1304,mp-769006,Li1Bi12O20
1305,mp-18126,Tb6Cu2Sn2Se14
1306,mp-1192510,Rb4Ge12As12
1307,mp-758459,Li4Fe4P4O16
1308,mp-779729,Na8Ti8O20
1309,mp-1019278,Tb2Ge2Au2
1310,mp-1096897,Ce2Cu2Pb2
1311,mp-1191159,Li8Pr8Sn8
1312,mp-1225563,Er2Cu2Ge2
1313,mp-1227074,Ce2Cd2In2
1314,mp-5874,Tl4Ag4Te4
1315,mp-7874,Li2Ga2Ge2
1316,mp-1019259,Sr2Sn2Hg2
1317,mp-1220073,Nd2Zn2Sn2
1318,mp-1444,Ca2Cd4
1319,mp-1436,Eu2Ag4
1320,mp-30630,Eu2Tl4
1321,mp-1072888,Tm2Ge2Au2
1322,mp-1072619,Pr2Ag4
1323,mp-4311,Ho2Ag2Sn2
1324,mp-1018761,Li3Ce1Sb2
1325,mp-1064456,Cu2O2
1326,mp-28266,P4Pd2
1327,mp-554159,Li4Be2Si2O8
1328,mp-780734,Li12Mn6Si6O24
1329,mp-1066856,Ag2O2
1330,mp-21880,Na4Fe4O8
1331,mp-1245638,Mn2Al4N6
1332,mp-1188392,Li4In4S8
1333,mp-10645,Tb2Se2
1334,mp-1017982,Tl2N2
1335,mp-850339,Li20Co4O4F20
1336,mp-22205,In2N2
1337,mp-1245638,Mn2Al4N6
1338,mp-1018040,Mg2Se2
1339,mp-560588,Zn2S2
1340,mp-24669,Cr2H2
1341,mp-1221958,Mg1Zn3O4
1342,mp-14659,K4As4Se8
1343,mp-30612,Er14Rh6
1344,mp-685957,Pr6Zn4As12
1345,mp-645172,Cs8As16Se24
1346,mp-571146,Sn4I4Cl4
1347,mp-1208124,Tl2Cu2As4Pb2S10
1348,mp-1198269,Na8Sb8Cl8O8F24
1349,mp-1209298,Rb2P30
1350,mp-680413,Rb48As112
1351,mp-677611,Tl2Ag2As4Pb2S10
1352,mp-31015,Ta3S1Br7
1353,mp-29208,Ca1Mg2Bi2
1354,mp-1017630,Mg2Zn1As2
1355,mp-1068042,Yb1Mg2Bi2
1356,mp-9571,Ca1Zn2As2
1357,mp-1232292,Mg1Al2Ge2
1358,mp-9570,Ca1Cd2P2
1359,mp-10314,Yb1Zn2As2
1360,mp-1104042,Sr4Zn4As6
1361,mp-1104456,Eu4Zn4As6
1362,mp-1207106,Ce1Al2Si2
1363,mp-754227,Li8Nb1S6
1364,mp-3833,Mg1Al2Si2
1365,mp-1232293,Mg1Al2Sn2
1366,mp-12894,Y2S1O2
1367,mp-754227,Li8Nb1S6
1368,mp-865185,Mg1Be2As2
1369,mp-9566,Sr1Mg2Sb2
1370,mp-1245759,Mg2Cd1N2
1371,mp-1215354,Zr1In1Pd2
1372,mp-1070580,Al3Ru2
1373,mp-1220370,Nb1Co2Sn1
1374,mp-2078,Ti2Cu2
1375,mp-2643,Ti3Cu4
1376,mp-30068,C1I1N1
1377,mp-1207235,Yb2I2O1
1378,mp-1214818,Ba2H1I2
1379,mp-1180047,Ni1O1
1380,mp-1207269,La2S2F1
1381,mp-1206596,Ca2Cl2F1
1382,mp-1222096,Mn2Ga1Co4Ge1
1383,mp-1187563,Yb1Dy1Pt2
1384,mp-975528,Nd1Dy1Tl2
1385,mp-978881,Sn1As3
1386,mp-1206593,Er1Pd2Pb1
1387,mp-1187590,Tm1Mg1Pd2
1388,mp-865091,Hf1Mn1Rh2
1389,mp-867771,Ta1Cu1Rh2
1390,mp-1185965,Mg1Sc2Ga1
1391,mp-865367,Tm2Ni1Ru1
1392,mp-1186399,Pa3Re1
1393,mp-867902,Li1Si1Rh2
1394,mp-865563,Lu1Zn1Pd2
1395,mp-861992,Pa1Ni2Sb1
1396,mp-978881,Sn1As3
1397,mp-975609,Li2Tl1Pb1
1398,mp-1183166,Ag1Bi1Pd2
1399,mp-30080,Li2Ge1Pd1
1400,mp-865172,Yb1Ta1Ru2
1401,mp-863736,Ho2Os1Au1
1402,mp-973662,Lu2Zn1Cu1
1403,mp-973433,Lu1Sc1Ru2
1404,mp-866167,Gd1Cd1Au2
1405,mp-983358,Hf1Al1Fe2
1406,mp-978290,Mg3Os1
1407,mp-1184704,Hf1Cu3
1408,mp-742,Ti2Cu1
1409,mp-978524,Si3Ag1
1410,mp-1183332,Ba1Ca3
1411,mp-19889,Th1Pb1
1412,mp-1223969,Hg1Pb2
1413,mp-984523,Cs1Ca3
1414,mp-973092,Sc1Cu3
1415,mp-982008,Hg3F1
1416,mp-1186365,Os1Au3
1417,mp-644280,Ga1Cu1Pt2
1418,mp-1080775,Pr2In2Ni4
1419,mp-1194466,Mn16Ga10
1420,mp-1197621,Ga16Cu36
1421,mp-1214872,Al16V10
1422,mp-578,Ga3Ag6
1423,mp-1219114,Sn18Au8
1424,mp-1207095,Si1P1Au1
1425,mp-1193749,Rb4Mg4P4O16
1426,mp-1072852,Cd2B4
1427,mp-1210592,Mg4P2
1428,mp-1214031,Ca2C8
1429,mp-1644766,Li14Mn10O24
1430,mp-1175491,Li9Co7O16
1431,mp-1036805,Ba1Mg30V1O32
1432,mp-1175713,Li9Mn2Co5O16
1433,mp-1175025,Li7Mn2Co3O12
1434,mp-1174917,Li7Mn2Co3O12
1435,mp-1175053,Li7Mn2Co3O12
1436,mp-1648875,Li14Mn10O24
1437,mp-1100607,Li9Mn2Co5O16
1438,mp-1175464,Li9Co7O16
1439,mp-1039661,Rb1Mg30Cr1O32
1440,mp-1174762,Li8Mn2Co4O14
1441,mp-1175597,Li9Mn2Co5O16
1442,mp-1174502,Li7Mn2Co3O12
1443,mp-1288258,Li8Ti4V4O16
1444,mp-1176174,Li9Mn2Co5O16
1445,mp-1304342,Li8Ti4Fe4O16
1446,mp-1639121,Li14Mn4Co6O24
1447,mp-1174437,Li8Mn2Co4O14
1448,mp-1175276,Li7Mn4Co1O12
1449,mp-1666476,Li14Mn8Co2O24
1450,mp-761572,Li4Ti2Co2O8
1451,mp-1175407,Li9Mn2Co5O16
1452,mp-1175453,Li9Mn2Co5O16
1453,mp-1175785,Li9Mn2Co5O16
1454,mp-990440,Na8Zr4O12
1455,mp-1310170,Li6Mn8Sn2O16
1456,mp-1100540,Li9Mn7O16
1457,mp-768594,Li16Mn4Cr4O24
1458,mp-753438,Li8V4O8F4
1459,mp-1176068,Li9Mn2Co5O16
1460,mp-1174235,Li6Mn2Co2O10
1461,mp-1174005,Li6Co4O10
1462,mp-754677,Li8Fe4O8F4
1463,mp-1174708,Li7Mn2Co3O12
1464,mp-1175609,Li9Mn2Co5O16
1465,mp-1175225,Li7Mn4Co1O12
1466,mp-752426,Li6Sb2S8
1467,mp-1101152,Li4Mn2Cr2O8
1468,mp-1176042,Li9Mn2Co5O16
1469,mp-1176301,Li9Mn2Co5O16
1470,mp-1175631,Li9Mn2Co5O16
1471,mp-777958,Li24Mn5Cr7O36
1472,mp-1174307,Li7Co5O12
1473,mp-753298,Pr1Y1O2
1474,mp-1174992,Li7Mn2Co3O12
1475,mp-868572,Li6Ti1Fe5O12
1476,mp-1177635,Li3Mn2Sb1O6
1477,mp-1175970,Li9Mn2Co5O16
1478,mp-1174543,Li7Mn2Co3O12
1479,mp-1175198,Li7Mn4Co1O12
1480,mp-1036571,K1Mg14Al1O16
1481,mp-1174098,Li10Mn4Co2O16
1482,mp-1175158,Li7Mn4Co1O12
1483,mp-1174598,Li8Mn2Co4O14
1484,mp-20514,Gd1Sn1Au1
1485,mp-1207087,La1F2
1486,mp-1597,U1O2
1487,mp-1219264,Sc1Ti1Ni2Sn2
1488,mp-13308,Ho1Ge1Au1
1489,mp-1101308,Tb2Pr2O8
1490,mp-10624,U1Sb1Rh1
1491,mp-962057,Sr1Ca1Si1
1492,mp-1226854,Ce4Sn1O10
1493,mp-1226577,Ce1Th4O10
1494,mp-1100436,Li1In1Si1
1495,mp-675964,Li10Ge2As6
1496,mp-1101343,Tb4Ce4O16
1497,mp-1062795,Co1S1I1
1498,mp-7173,Sc1Sb1Pt1
1499,mp-568926,Gd1Sb1Pt1
1500,mp-2286,Li2Se1
1501,mp-961709,Zr1Pt1Pb1
1502,mp-10755,Ti1Fe1Sb1
1503,mp-631430,La1In1W1
1504,mp-631440,Bi1Te1Ir1
1505,mp-1226535,Ce1U2O6
1506,mp-1009543,Dy1Bi1Pd1
1507,mp-1224599,Gd1Y1H4
1508,mp-1224215,Hf1Zr1Sb2Rh2
1509,mp-631492,Ba1Sc1Ir1
1510,mp-1062306,Mn1Si1Ni1
1511,mp-961648,K1Ba1P1
1512,mp-962068,Ca1Mg1Sn1
1513,mp-1206686,Tb1Ni1Bi1
1514,mp-1960,Li2O1
1515,mp-21152,Pu2Mg1
1516,mp-1219594,Rb1Tl1Fe8Se8
1517,mp-8101,W1N2
1518,mp-1181909,Ca1O2
1519,mp-1181717,Co2Te2Mo2
1520,mp-1217970,Sr1Si1Ni1
1521,mp-9873,Eu2Zn2Ge2
1522,mp-1217402,Tb1Zn1Si1
1523,mp-1077233,Sm2Sn2Au2
1524,mp-1225441,Eu2Si3Au1
1525,mp-1220194,Nd1Mn1In1
1526,mp-1206687,Pr1Ni1As1
1527,mp-1219874,Pr2Ni1Ge3
1528,mp-1025087,Nd2Ni2Sb2
1529,mp-22740,Ce2Cu2Si2
1530,mp-7738,La2Se2F2
1531,mp-9164,Th1Si1Au1
1532,mp-1018758,La2Zn2In2
1533,mp-992,Ca1Ga2
1534,mp-28797,Y1H1Se1
1535,mp-1227964,Ba1Cu1Ge1
1536,mp-9439,Yb2Cu2Sb2
1537,mp-8126,Y2Cu2Si2
1538,mp-1215905,Y1Cu1Ge1
1539,mp-13149,Ba1Al1Si1
1540,mp-9898,Ba2Cu2As2
1541,mp-1228346,Ba2Si3Au1
1542,mp-12921,Pr2P2Ir2
1543,mp-11267,Ba1Hg2
1544,mp-1217818,Ta1V1B4
1545,mp-1222862,La1Pr1Ni10
1546,mp-1217368,Th1Fe3Co2
1547,mp-1219997,Pr1Fe1Ni4
1548,mp-1222937,La1Co2Ni3
1549,mp-1226702,Ce1Ga1Cu4
1550,mp-1216589,U2Al6Pd3Pt1
1551,mp-1226683,Ce1Al1Ni4
1552,mp-1226683,Ce1Al1Ni4
1553,mp-1217327,Th1Mn2Ni3
1554,mp-20899,U1Ga3Pd2
1555,mp-1225514,Er1Ga2Cu3
1556,mp-11539,Sm1Al3Pd2
1557,mp-570832,Sr1Pt5
1558,mp-2317,La1Ni5
1559,mp-1223000,La1Ce1Co10
1560,mp-542729,Dy3Ni13B2
1561,mp-1220198,Nd1Be1Cu4
1562,mp-1226676,Ce1Ga2Cu3
1563,mp-21305,Gd1Ni5
1564,mp-1077297,Zr4Ir2
1565,mp-1034,Th4Cu2
1566,mp-2851,V2Sb4
1567,mp-571160,Tl4Pt2
1568,mp-30047,Sn12Mo6
1569,mp-1226408,Cr3Ni1Sn8
1570,mp-21428,Th4In2
1571,mp-568411,Th4Ga2
1572,mp-2233,Th4Ag2
1573,mp-30723,Th4Hg2
1574,mp-557,Te4O8
1575,mp-632475,Nb1S2
1576,mp-4818,Rb4Sb8S14
1577,mp-559374,Ti1S3
1578,mp-541037,Cs2Cu2O2
1579,mp-1192112,Zr6Fe1Cl15
1580,mp-1147553,K1Cu1I1O6
1581,mp-1147551,K1Cu1Te1O6
1582,mp-8315,Li2Sm2Al2F12
1583,mp-1105302,Sr6P12
1584,mp-557812,Ti18O6
1585,mp-569623,Nb2Se4Br4
1586,mp-1073413,Mg4Si8
1587,mp-569623,Nb2Se4Br4
1588,mp-1078452,La2O6
1589,mp-21693,Ce20Sn16
1590,mp-607138,Sc20Bi12
1591,mp-1189833,Yb4Si4Pd8
1592,mp-22896,La2Cl6
1593,mp-1189833,Yb4Si4Pd8
1594,mp-10487,Rb8Sb8
1595,mp-27972,Ac2Br6
1596,mp-1214435,Ba4Cl4O4
1597,mp-1105597,Lu4Si4Pt8
1598,mp-23278,Np2Cl6
1599,mp-1075011,Mg6Si8
1600,mp-1189619,Eu10Al10
1601,mp-1225205,Eu2Ga2Au2
1602,mp-1103252,Zn4Pd8
1603,mp-1220139,Nd2Ge2Pt2
1604,mp-16526,Al4Pt8
1605,mp-638141,Li4Sn20Rh12
1606,mp-1095519,Eu8In4
1607,mp-1226615,Ce2Ge2Pd2
1608,mp-11544,Yb8Pb4
1609,mp-569605,Yb8Tl4
1610,mp-1224641,Gd2Si2Pd2
1611,mp-20923,Eu4Sb4Pt4
1612,mp-1188565,In10Sb6
1613,mp-1212203,Ho10Sb2Pd4
1614,mp-11086,La4Mg2Cu4
1615,mp-1207987,Tm10Bi2Pd4
1616,mp-2786,Ca10Zn6
1617,mp-1080181,Pr4In2Ni4
1618,mp-1190072,Yb10Cd2Cu4
1619,mp-1206905,Sm4Mg2Cu4
1620,mp-1079112,Y4In2Pd4
1621,mp-1189582,Y10Ni4Bi2
1622,mp-1206783,Ce4In2Cu4
1623,mp-17593,Ta10Ge6
1624,mp-1208413,Tb10Sb2Pd4
1625,mp-1215969,Yb20Cd3Au9
1626,mp-1078738,Er4In2Cu4
1627,mp-32645,Sm16S24
1628,mp-9463,Zr2Ge2Sb2
1629,mp-1484,Pr8Sb6
1630,mp-35264,Pr5Ag1Se8
1631,mp-674804,Sm4Pb2Se8
1632,mp-684844,Pu16Te24
1633,mp-675925,Ce4Pb2S8
1634,mp-676443,La5Yb1S8
1635,mp-568285,Np6As8
1636,mp-35512,Dy5Ag1S8
1637,mp-567370,Ce6Se8
1638,mp-722,Pr6Se8
1639,mp-684922,Np16Se24
1640,mp-1225434,Eu6Dy2Sb6
1641,mp-1484,Pr8Sb6
1642,mp-1232106,Er4Mg2S8
1643,mp-684787,U16Te24
1644,mp-675209,Dy4Pb2S8
1645,mp-9907,Sr2As6
1646,mp-29558,Bi6Cl2O8
1647,mp-20622,Si4Pd12
1648,mp-1245590,Na4Cu4N4
1649,mp-1079945,Sr2As6
1650,mp-1245590,Na4Cu4N4
1651,mp-756495,Li12Cu4O8
1652,mp-9122,Ca2P6
1653,mp-8890,Cs2Sb4S8
1654,mp-556744,Tl8In8Si8S32
1655,mp-1080859,Ce16Se32
1656,mp-1200819,K8Fe4Ge12Se32
1657,mp-1200793,Ga8Ge2Pb8S24
1658,mp-1202691,Cu4P16Se12I4
1659,mp-16183,Tl4B4Se14
1660,mp-1195667,Cs8Mg4Ge12Se32
1661,mp-5045,Sn4Ge4S12
1662,mp-1211743,K8Al8Se16
1663,mp-1201069,Cs8Cu8P8Se24
1664,mp-1095294,Si4S8
1665,mp-20790,In1P1S4
1666,mp-558706,Rb4Ga12S20
1667,mp-1273655,Mn4O4F4
1668,mp-20767,Fe4Sb8S16
1669,mp-821,Nb16O32
1670,mp-1212011,In4Sb4Se12
1671,mp-1095353,Ir4O8
1672,mp-1246686,Li24Au8N16
1673,mp-774350,Mn12O2F22
1674,mp-7228,Re4O8
1675,mp-1039208,Ca4Zn2
1676,mp-761872,Na4Sn4O6
1677,mp-753891,Zr4Ti4O16
1678,mp-672012,In2Cu2W4O16
1679,mp-1001117,Mn3N2
1680,mp-1039208,Ca4Zn2
1681,mp-1247534,Ca1Ru2N2
1682,mp-557976,Na4C8O8
1683,mp-1227253,Ca1U3Ti8O24
1684,mp-21823,Mn8Pb16O32
1685,mp-1212253,Li2Eu2Mo4O16
1686,mp-998713,Tl2In2Cl6
1687,mvc-679,Y2Bi2W4O16
1688,mp-781618,Mn12O7F17
1689,mp-553961,Sc2Nb2O8
1690,mp-1224949,Fe1Cu1S2
1691,mp-1692,Cu2O2
1692,mp-997098,Cu2Pt2O4
1693,mvc-12108,Ca2Mn4O8
1694,mp-1336,Pd2O2
1695,mp-499,Ag2O2
1696,mp-558330,I8Cl8O8F8
1697,mp-1209570,Tb4B8Ir8
1698,mp-1209570,Tb4B8Ir8
1699,mp-1195118,Ba4Te12O28
1700,mp-1209570,Tb4B8Ir8
1701,mp-1181025,K2Au2Br8O4
1702,mp-1210683,Nd4Rh6Pb19
1703,mp-20202,Mg2Sn8Ru2
1704,mp-1181754,Cu6As8
1705,mp-975237,Rb2Te6Mo6
1706,mp-1211472,La8Ge14
1707,mp-1207542,Yb2Ni10P6
1708,mp-1068243,Lu2In1Ni2
1709,mp-8117,Rb2Mo6S6
1710,mp-1213848,Ce8Ge14
1711,mp-582367,Eu2Ni10P6
1712,mp-17396,Sr2Ni10As6
1713,mp-1201621,La8U4Se20
1714,mp-1025395,Ho2Te6
1715,mp-1204566,Sm12Sb16S36
1716,mp-568971,Ag8Se4
1717,mvc-2857,Ca4W4O8
1718,mp-1105699,In8O12
1719,mp-505682,Dy24Te12
1720,mp-569939,Ag2Bi4Se6Cl2
1721,mp-616641,K8U4I20
1722,mp-985298,Ce8Hf4S20
1723,mp-1196472,Pr8U4S20
1724,mp-1147651,Sn4Au4
1725,mp-1226256,Cr2Fe2Si4
1726,mp-871,Fe4Si4
1727,mp-1225125,Fe3Si4Ir1
1728,mp-10904,Al4Pt4
1729,mp-1483,Si4Rh4
1730,mp-30365,Be4Au4
1731,mp-1221563,Mn1V1Fe4Si2
1732,mp-1184543,Gd1Lu1Ag2
1733,mp-861903,Li1Bi1Rh2
1734,mp-1186619,Pm1Gd1Al2
1735,mp-865046,Li1Pa1Pt2
1736,mp-16482,Ti1Al1Au2
1737,mp-983555,Er2Pd1Au1
1738,mp-21211,In1Fe1Co2
1739,mp-866117,Hf1Zn1Au2
1740,mp-978549,Sm1Lu1Zn2
1741,mp-862817,Pa1Hg1Au2
1742,mp-976082,Mn2Ga1W1
1743,mp-865119,Na1Pr1Hg2
1744,mp-1187607,Tm1Lu1Au2
1745,mp-866064,Nd1Mg1Au2
1746,mp-865987,Li2Ag1Pd1
1747,mp-867151,Sc1Pa1Os2
1748,mp-867919,Er1Nb1Ru2
1749,mp-976125,Pr1Ga1Au2
1750,mp-976082,Mn2Ga1W1
1751,mp-1227262,Ce2In1Ag1
1752,mp-1184371,Gd2Ag1Ir1
1753,mp-862817,Pa1Hg1Au2
1754,mp-862536,La2Cu1Ir1
1755,mp-866212,Yb2Ag1Sn1
1756,mp-1187726,Th1In1Ru2
1757,mp-19183,Li2O2Ni1
1758,mp-1205354,Sc8Se12
1759,mp-770843,V4Cr4O12
1760,mp-1188929,Ti2Nb6S12
1761,mp-10199,Mn2Nb6S12
1762,mp-27848,Ti2I2N2
1763,mp-1222821,Li2Ni6O12
1764,mp-774520,Ti2Al2O6
1765,mp-37873,Li6Er2Br12
1766,mp-1304047,Mg4V2W2O12
1767,mp-22375,In4S6
1768,mp-752935,Li2Fe4O8
1769,mp-1102170,Cr4O8
1770,mp-18937,V4O6
1771,mp-752891,Li2Ti6O12
1772,mp-1221112,Na4Ca4N12
1773,mp-13134,Ga4O6
1774,mp-776873,Cr16O24
1775,mp-2345,Dy16O24
1776,mp-1191202,Co8Sb8S8
1777,mp-23052,Zr2I2N2
1778,mp-674947,Zr16N16O8
1779,mp-1225879,Fe8Co2Bi10O30
1780,mp-865937,K2Np2Ag2S6
1781,mp-1045,Nd16O24
1782,mp-752596,Yb4Sm4O12
1783,mp-1247,Sb8Ir4
1784,mp-776314,Zr16N16O8
1785,mp-775849,Zr16N16O8
1786,mp-755434,Li4Mn2F8
1787,mp-752881,Li2Cu1S2
1788,mp-998555,In2Sn2Br6
1789,mp-15335,Lu8Cu8O20
1790,mp-1097718,Na4Mo4O10
1791,mp-1097796,Cr24N16
1792,mp-1232244,Sm2Mg2S6
1793,mp-1246412,Mg10Fe2N8
1794,mp-18199,Sr12Ta4As12O4
1795,mp-1188655,Ir8S12
1796,mp-1204171,Tb16N24
1797,mp-766236,Gd8Er8O24
1798,mp-1219928,Pd1Pt1Au1
1799,mp-1221812,Mn4Ga1
1800,mp-1226905,Ce2Tl3Sn3
1801,mp-1217463,Th2In3Sn3
1802,mp-1078666,Ga2Pt6
1803,mp-768498,Cr14Ni40Mo6
1804,mp-1221431,Mo1Pd2Rh1
1805,mp-10901,Al3Pd2
1806,mp-11397,Ga3Ni2
1807,mp-1070275,Al3Tc2
1808,mp-1025451,Hf2Ni4Sb2
1809,mp-510437,In3Pd2
1810,mp-22656,Gd2In2Pt4
1811,mp-1079904,U2In2Pt4
1812,mp-20220,Ca4In4Rh4
1813,mp-1101803,Nd4Ga4Pd4
1814,mp-13459,Na4Cd4Sb4
1815,mp-1102281,Pr4Mg4Sn4
1816,mp-1191147,Sm2Fe12P7
1817,mp-1080276,Cs4Se2
1818,mp-30437,Ca4Sn4Pd4
1819,mp-1222768,La1Y1Mn2Si2
1820,mp-2576,Sr8Ge4
1821,mp-980937,Tb2Co12P7
1822,mp-1125,Li8S4
1823,mp-569338,Yb4Al4Pd4
1824,mp-1206065,Pr2In4Ir2
1825,mp-1080595,Gd4Co2Si4
1826,mp-4233,K2Mn2Sb2
1827,mp-21371,V4Co4Si4
1828,mp-21155,Dy4Mn4Ge4
1829,mp-1103066,Sm4Si4Pd4
1830,mp-9250,Rb2Li2Se2
1831,mp-9801,Hf4Co4As4
1832,mp-10457,Hf4Si4Pd4
1833,mp-1206785,Nd2Ga1Ni2
1834,mp-1226111,Co7Ni1P4
1835,mp-867152,Eu4Mg4Ge4
1836,mp-13459,Na4Cd4Sb4
1837,mp-1191755,Yb2Fe12P7
1838,mp-1191589,Ca2Ni12As7
1839,mp-20436,Ta4Si4Rh4
1840,mp-19797,Y4Mn4Ge4
1841,mp-1206025,Ho2Al2Si2
1842,mp-1105580,U4Si10Os6
1843,mp-22044,Sm4Ge4Ru2
1844,mp-1217028,Ti1B2Mo1
1845,mp-1189925,Ho4B8Os4
1846,mp-1220383,Nb1B4Mo3
1847,mp-1189387,Pu4B8Ru4
1848,mp-1189270,Lu4B8Os4
1849,mp-7832,B4W4
1850,mp-1078864,K4Ga4
1851,mp-1078401,La2Bi4Au2
1852,mp-1016650,Ba1Mg6Nb1
1853,mp-1091385,Pu1Al2Pd5
1854,mp-1091385,Pu1Al2Pd5
1855,mp-30851,Ti6Pt10
1856,mp-1078938,Y1Al2Pd5
1857,mp-1099312,K1Mg6W1
1858,mp-29752,Ni2Ge2Pt4
1859,mp-1078315,Pr2Bi4Au2
1860,mp-862621,Ga2Pt6
1861,mp-715923,W2O6
1862,mp-1237229,Re4O12
1863,mp-1182902,Al2F6
1864,mp-685445,Nb20O39F21
1865,mp-1078300,Sc2F6
1866,mp-1206962,Li1Ta1F6
1867,mp-753526,W6O12F6
1868,mp-1217888,Ta1O2F1
1869,mp-1795,Nb1F3
1870,mp-1252764,Al2F6
1871,mp-375,U1O3
1872,mp-16722,Al40V4
1873,mp-550,Al12Mo1
1874,mp-1648,Al12Re1
1875,mp-2832,Cr4Se6
1876,mp-1222423,Li1Ta2Cu1O6
1877,mp-755207,Li2Fe4O4F6
1878,mvc-14154,Y4Mo4O12
1879,mp-1178178,Ho4Tm4O12
1880,mvc-5781,Zn4Ir2W2O12
1881,mvc-13829,Mg4Fe2Sb2O12
1882,mp-1225905,Cu8Ni4Te4O24
1883,mp-1227428,Ce4V2Fe2O12
1884,mp-1211920,Ho4Ni2Ru2O12
1885,mp-776460,Li4Fe1W3O12
1886,mp-13374,La4Tm4O12
1887,mvc-5066,Mg4Ni2W2O12
1888,mp-1209432,Pr12As4Br12
1889,mp-1232175,Mg2Sc2S6
1890,mvc-13402,Ca1La2Sn1O6
1891,mp-867654,Li6Mn5Co1O12
1892,mvc-5800,Mg4Ni2Ir2O12
1893,mp-9457,Ca6Re2O12
1894,mp-1213810,Ce4Lu4O12
1895,mp-1247289,Mn2Co10N8
1896,mp-19255,Ti2Fe4O10
1897,mvc-14026,Zn2Cr3O8
1898,mvc-3578,Ca2Cr3O8
1899,mp-761021,Li3Cu1Te4O12
1900,mvc-8747,Mg1Bi4O8
1901,mp-753041,Li6Mn2F12
1902,mvc-8747,Mg1Bi4O8
1903,mp-1305121,Co4Te1O8
1904,mp-676663,Zn6Sn6Sb12
1905,mp-754010,Zn2Cu4O6
1906,mp-676663,Zn6Sn6Sb12
1907,mp-571383,Pd24Se24
1908,mp-1247388,Ca12Y8N16
1909,mp-531864,Al24Zn3O40
1910,mp-530826,Mg7Al22O40
1911,mp-774644,Li11V12Cu12O48
1912,mp-676333,Ga11N1O15
1913,mp-1198345,Fe20Si12O48
1914,mp-685444,Mg11Fe30O56
1915,mp-1216038,Zn4Cr20Ga4Se40
1916,mp-760795,Al10Zn1O16
1917,mp-530754,Mg5Al34O56
1918,mp-753572,Li4Cu6F16
1919,mp-985304,Cr1Ga2S4
1920,mp-1216488,V3Cr1Ga1Se8
1921,mp-758809,Li5Mn6O16
1922,mp-35482,Ti1Fe4O8
1923,mp-1248857,Al14Cu3Se24
1924,mp-1232084,Tm8Mg4Se16
1925,mvc-16220,Mn12Al4O24
1926,mp-1662145,Mg4V6O16
1927,mp-1225001,Fe5O8
1928,mp-1261478,Al4Ni12O24
1929,mp-1084771,Be6P4
1930,mp-1196079,Mg24Bi16
1931,mp-33216,Pu4O6
1932,mp-673247,Y4O6
1933,mp-1196079,Mg24Bi16
1934,mp-766,As4Ru2
1935,mp-1413,P4Ru2
1936,mp-29639,Te7Pd20
1937,mp-1213091,In12Ni28
1938,mp-1074549,Mg8Si6
1939,mp-567919,Al45V7
1940,mp-1210567,Mn1Zn13
1941,mp-1199056,Rb16Ge16
1942,mp-1216505,V12Ga14
1943,mp-1194040,Mn10Al16
1944,mp-1228763,Al16V10
1945,mp-1216677,Tl4Pd15Pb1
1946,mp-1224944,Ga1Cu4Ni15
1947,mp-1228918,Al1Ga1Ni6
1948,mp-1224947,Fe1Ni1Pt6
1949,mp-1217285,Ti1Al4Ni15
1950,mp-1228832,Al1Ni6Ge1
1951,mp-1223296,La6Zn1Cu1
1952,mp-1193199,Hf18Re8P2
1953,mp-31403,Al78Fe14Cu48
1954,mp-1211824,K2U12F50
1955,mp-1193800,Hf18Re8Se2
1956,mp-1212295,Mn48Al108
1957,mp-1194467,Hf20Si2Mo6
1958,mp-1194253,Hf18W8Se2
1959,mp-1210260,Nd8Co2
1960,mp-1212267,Ho8Ir2
1961,mp-22938,V4Cl12O4
1962,mp-680506,Pt8Cl32
1963,mp-555863,P4Pt1F12
1964,mp-698060,P8H8O8F16
1965,mp-1212427,Ho8Co2
1966,mp-1194032,Pu2S4O24
1967,mp-23216,Sn4Br16
1968,mp-29109,Si8I24
1969,mp-707249,H48C16S2N4O8
1970,mp-1188581,Si5H8Cl4
1971,mp-1189731,P4Br12O4
1972,mp-1210664,Lu8Co2
1973,mp-540760,Fe4P4Cl32
1974,mp-1079620,Cr2Cl4O4
1975,mp-745113,Co6C18Se2O18
1976,mp-624762,Fe16Te8C44O44
1977,mp-698360,Hg4H8C24N8Cl16
1978,mp-758989,P8H4N4F16
1979,mp-616249,Bi4Os8C24O24
1980,mp-758989,P8H4N4F16
1981,mp-608431,Os6C18S4O18
1982,mp-622020,P8C24N24
1983,mp-6781,Ag2C2N2O2
1984,mp-867808,Co3F9
1985,mp-1202223,W10O30
1986,mp-1225864,Cs2V2Te2O12
1987,mp-752923,V4O2F10
1988,mp-764470,V8O2F22
1989,mp-764879,V8O6F18
1990,mp-1220301,Nb2Tl2W2O12
1991,mp-779309,V8O6F18
1992,mp-752752,Li1Mn1F6
1993,mp-41473,Cs4Ti4Ni4O4F20
1994,mp-759542,V4O3F9
1995,mp-4782,Ca1Sn1F6
1996,mp-780466,Cr8O2F22
1997,mp-755181,V4O5F7
1998,mp-1217845,Ta2W2O14
1999,mp-559931,V2F6
2000,mp-1540758,Mg1Co1F6
2001,mp-1206085,Mn1Cu1F6
2002,mp-684745,Cs2Ti2Nb2O8F4
2003,mp-568324,Cr10Ge6
2004,mp-4193,Tm9Fe10Ge10
2005,mp-568376,Ta10Ga6
2006,mp-16723,Y12Al8
2007,mp-568671,V10Si6
2008,mp-1190042,U6S10
2009,mp-542019,Np10Ge6
2010,mp-16842,Nb10Ge6
2011,mp-17615,Ta10Ge6
2012,mp-567996,Nb10Si6
2013,mp-570845,Zn8Ga24Ni24
2014,mp-1179059,Te2Mo12
2015,mp-11233,Zr2Al2
2016,mp-29152,Zr4Co2P2
2017,mp-13053,Sr4Si4
2018,mp-1067235,Ba2Si2
2019,mp-1730,Ba2Ge2
2020,mp-1218812,Sr2Ga1Si1
2021,mp-12751,Pu2Ni2
2022,mp-1218812,Sr2Ga1Si1
2023,mp-1189342,Zr10Te2Pb6
2024,mp-1180331,Mn6V4Si6
2025,mp-2044,Zr10Al6
2026,mp-30675,Ti10Ga8
2027,mp-1180331,Mn6V4Si6
2028,mp-1221407,Mn5Fe5Si6
2029,mp-570774,Zr10Al8
2030,mp-31167,Er10Si6
2031,mp-1189848,Tb10Bi6
2032,mp-1189978,Hf10Ga2Sn6
2033,mp-505302,U10Ge8
2034,mp-30675,Ti10Ga8
2035,mp-1189848,Tb10Bi6
2036,mp-1220457,Nd10Si3Ge3
2037,mp-569319,Mo5As4
2038,mp-1210703,Mg6Pd10
2039,mp-1103513,Li3Mg8Si4
2040,mp-753349,Li2Ti2Si2O8
2041,mp-31005,Zn6P4O16
2042,mp-760208,Li16V12Fe8O48
2043,mvc-3101,Mg8Fe10Te6O36
2044,mp-1232043,La8Mg4Se16
2045,mp-778047,Na32Ni8O32
2046,mp-886,Ga4O6
2047,mp-756035,Li1Ti4O8
2048,mp-779754,Na10Ni4As2C8O32
2049,mp-28251,Ta4Zn6O16
2050,mp-774895,Li8Mg8W12O48
2051,mvc-2868,Zn1Bi4O8
2052,mp-756084,Ba2Na8O6
2053,mp-1096822,Al4Zn2S8
2054,mp-1253145,Li18V6Si12O42
2055,mp-1569454,Mg2Co2Ge4O12
2056,mp-562111,Co12As8O32
2057,mp-759336,Li14Cr14P12O48F6
2058,mp-1310605,Li4Ti4V6O20
2059,mp-1225359,Fe4Cu8B4O20
2060,mp-26317,Li4Cr4P4O16
2061,mp-770534,Li4Mn6O14
2062,mp-1226305,Co2Ni4P4O16
2063,mp-1234817,Mg1Mn8O8F8
2064,mp-26561,Li9Mo9P12O48
2065,mp-1193287,Li4Sc2P4O16
2066,mp-755023,Mg2Mn3O8
2067,mp-1204830,As18Pb10S36
2068,mvc-16263,Zn2Bi4O8
2069,mp-568758,Bi8Br8
2070,mp-21489,Rb4Pb2O6
2071,mp-22737,Sb16Pb6S30
2072,mp-1191720,Tl4Ag4Te4O12
2073,mp-1246129,Ca8Se2N8
2074,mp-28408,K4Tc4Cl12
2075,mp-554900,K12Mn12O24
2076,mp-569707,Bi4Se4Br4
2077,mp-1246566,Ca6Bi4N8
2078,mp-2654,Al12S18
2079,mp-769290,Li4Cu4P4O16
2080,mp-754812,Al4O6
2081,mp-759158,Li12Mn4F20
2082,mp-754812,Al4O6
2083,mp-762012,Li4Ni4P4O16
2084,mp-3856,O32Ca4Mo20
2085,mp-612740,In12Se18
2086,mp-1074652,Mg4Si2
2087,mp-4395,Tb2Sc2Ge2
2088,mp-1217033,Ti2Al6Ge2
2089,mp-977388,Ho2Mg2Sn2
2090,mp-4973,Ce2S2F2
2091,mp-21433,Tb2Ti2Ge2
2092,mp-1074652,Mg4Si2
2093,mp-21433,Tb2Ti2Ge2
2094,mp-9908,Ba4Sb2
2095,mp-9925,Ca4Sb2
2096,mp-1228397,Ba6U2In4O18
2097,mp-12410,Ba2Tb1Ir1O6
2098,mp-1112689,Cs2K1Tm1Cl6
2099,mp-1183447,Be1Pd1O3
2100,mp-1113024,Cs2Li1Bi1Cl6
2101,mp-1183406,Ba1Yb1O3
2102,mp-1187561,Yb1Ga1O3
2103,mp-1111124,K2Rb1Sb1F6
2104,mp-7482,Rb1Hg1F3
2105,mp-569309,Rb6Mn6Cl18
2106,mp-1111690,Li3Au1F6
2107,mp-1016876,Zn1Si1O3
2108,mp-1111584,K2Tl1Bi1F6
2109,mp-1113837,Na2Li1Bi1Cl6
2110,mp-686204,K6Ba4Pr4Bi6O30
2111,mp-1112170,K2In2Cl6
2112,mp-1111624,K2Na1Sb1Cl6
2113,mp-1223920,K3Mg1Cu2F9
2114,mp-1183291,Ba1Er1O3
2115,mp-1206894,Lu3Al1C1
2116,mp-1016886,Mg1V1O3
2117,mp-1112112,Cs2Tl1As1Br6
2118,mp-21888,Tm3Sn1C1
2119,mp-1069270,Zn1Ni3N1
2120,mp-1076485,Ca7Mg1Mn8O24
2121,mp-1184941,K1Lu1O3
2122,mp-1183712,Cr1Ge1O3
2123,mp-22441,Ba2Mg1Re1O6
2124,mp-1111925,K2Li1Nd1F6
2125,mp-1113298,Rb2Cu1Mo1Cl6
2126,mp-989512,Li1Tl2In1Cl6
2127,mp-1112897,Cs2Y1Hg1Br6
2128,mp-1111104,K2Na1Nb1F6
2129,mp-31055,Sc3In1N1
2130,mp-1114623,Rb3Gd1Cl6
2131,mp-1183289,Ba1Sc1O3
2132,mp-1113295,Cs2Hg1Sb1I6
2133,mp-19182,Ba2Ca1W1O6
2134,mp-1183971,Cs1Ru1O3
2135,mp-1114094,Rb2In1Ag1F6
2136,mp-1112618,Cs2Sm1Cu1Cl6
2137,mp-1187783,U1Tc1O3
2138,mp-1076020,Sr1Ca3Mn4O12
2139,mp-1113623,Cs2Ga1Ag1Cl6
2140,mp-1207116,Sr2Pr1Ta1O6
2141,mvc-15452,Y1Mo1O3
2142,mp-1076132,Ca7Mg1Co7Cu1O24
2143,mp-977370,Eu1Os1O3
2144,mp-570379,Cs2Li1Lu1Cl6
2145,mp-1114424,Rb2Li1Nd1F6
2146,mp-1183696,Cr1Cu1O3
2147,mp-1277316,Sr8Fe4Sn4O24
2148,mp-1184597,Hf1Th1O3
2149,mp-1111158,K3Ta1I6
2150,mp-560671,Rb2Na1V1F6
2151,mp-1186948,Sb1Pb1O3
2152,mp-22502,Mn3Ir1N1
2153,mp-510381,Fe3Ni1N1
2154,mp-1114430,Rb2Li1Ta1Br6
2155,mp-33029,Nd2O3
2156,mp-1111405,K3Nd1Br6
2157,mp-1113311,Na3Au1Cl6
2158,mp-4356,Ca4Si4O12
2159,mp-1113397,Rb2Ce1Au1Cl6
2160,mp-1111687,Li3Nb1F6
2161,mp-1111915,K2Na1Tl1Br6
2162,mp-22120,Y1Rh3C1
2163,mp-1114655,K1Rb2As1Cl6
2164,mp-1111974,Cs1K2Nb1F6
2165,mp-20191,Si12Ru8
2166,mp-1232037,La4Mg2Se8
2167,mp-1074404,Mg8Si6
2168,mp-675130,Tb24Pb4Se40
2169,mp-1232092,Sm4Mg2S8
2170,mp-1218660,Sr12Yb8Cd10Sb20
2171,mp-561384,Zr8F32
2172,mp-32640,La5S8
2173,mp-1224035,K4Sr2Cl8
2174,mp-1099319,Rb1Mg6Ni1
2175,mp-1073862,Mg6Si6
2176,mp-1075363,Mg10Si12
2177,mp-1209908,Nd4Cr4Sb12
2178,mp-753623,Li4Cu8S6
2179,mp-1074412,Mg8Si6
2180,mp-1238832,Zn2Cl6
2181,mp-22690,Tb2Cd2F12
2182,mp-1225266,Fe9B4Ir3
2183,mp-1105844,Sr12Hg4
2184,mp-623751,Tb12Ni4
2185,mp-1105598,Y12Co4
2186,mp-1205795,La2Ni6B2
2187,mp-1190011,Ho12Os4
2188,mp-1105860,Fe8Ni4B4
2189,mp-1188476,Ho12Pt4
2190,mp-1106122,Pr12Ni4
2191,mp-1105479,Dy12Pt4
2192,mp-757,Li6As2
2193,mp-685136,Bi2F6
2194,mp-757,Li6As2
2195,mp-675589,Li4Cu2P2
2196,mp-34127,K4Na2As2
2197,mp-1025406,Li2P6
2198,mp-1206505,Gd2O6
2199,mp-23679,Pu2H6
2200,mp-1087492,Li4Zn2Si2
2201,mp-1078581,Th3Al3Ni3
2202,mp-1207584,Yb5P7Pd9
2203,mp-1078857,Dy3Al3Cu3
2204,mp-1078841,La3Mg3Pd3
2205,mp-8864,Li1Co6P4
2206,mp-8591,U3Se6
2207,mp-1225846,Er3Mn3Ga2Ge1
2208,mp-1217644,Tb3Mn3Ga2Si1
2209,mp-1080785,Th3Al3Rh3
2210,mp-1079323,Hf3Si3Os3
2211,mp-1226510,Ce1Y2Al3Pd3
2212,mp-10209,Y3Al3Ni1Ge2
2213,mp-1225789,Er6Mn6Ga6
2214,mp-1206259,Tm3Mg3Au3
2215,mp-1078857,Dy3Al3Cu3
2216,mp-1079797,Sm3Cd3Cu3
2217,mp-1024071,Si3Pt6
2218,mp-776952,Na6O3
2219,mp-1079727,Lu3Sn3Pt3
2220,mp-1205749,Nd3Sn3Ir3
2221,mp-13090,Y3Mg3Al3
2222,mp-1078489,Ho3Al3Cu3
2223,mp-13382,Ce3Zn3Pd3
2224,mp-13095,Y3Al3Ni3
2225,mp-1074283,Mg8Si6
2226,mp-1073816,Mg6Si6
2227,mp-1075724,Mg10Si18
2228,mp-15442,Sm6Si18Pt30
2229,mp-1025552,Lu2Ga4Ni2
2230,mp-1178005,Li4Cu8S6
2231,mp-607514,Pr4In16Au8
2232,mp-1220289,Nd6S2O2F10
2233,mp-1074386,Mg8Si6
2234,mp-1252607,Mg8Si6
2235,mp-1206207,Dy2Cl2O4
2236,mp-14283,Sr8In4F28
2237,mp-1102657,Y8Pt4
2238,mp-753360,Bi4O4F4
2239,mp-22742,Eu2Sn4Ir2
2240,mp-1075015,Mg6Si8
2241,mp-1102104,Ho8Pt4
2242,mp-1078863,Gd3Co2Ge4
2243,mp-1208666,Sr4I4Cl4
2244,mp-9381,Zr6Fe1Te2
2245,mp-30235,Lu6Ge6Ir4
2246,mp-20224,Gd3In3Pd3
2247,mp-29135,Zr6Co1As2
2248,mp-1205914,Er3Bi3Rh3
2249,mp-1226178,Cr12B1P3
2250,mp-20103,Tm3In3Pt3
2251,mp-1206893,Sc6Te2Ir1
2252,mp-37267,Na3Y3F12
2253,mp-11224,Sr32Al28
2254,mp-1208170,Ti4V4P4
2255,mp-1222834,Lu3Mn2Ga4
2256,mp-1208170,Ti4V4P4
2257,mp-1188472,Tb6Ge6Ir4
2258,mp-622009,Ta4Ni8Te4Se4
2259,mp-1087485,Y3In3Pd3
2260,mp-1206315,Sm3Cd3Au3
2261,mp-1210680,Mg4Pb8
2262,mp-766789,Mn6F18
2263,mp-13154,Fe6C2
2264,mp-1223481,K2Cr2Ni2F12
2265,mp-1228876,Cs2V2Co2F12
2266,mp-15639,Hg1Rh1F6
2267,mp-7922,Ca1Pd1F6
2268,mp-1225923,Cs2Sb2Te2O12
2269,mp-1208148,Th2Ge2I12
2270,mp-1205986,Co6N2
2271,mp-1225937,Cs2Fe2Ni2F12
2272,mp-752753,Sb2O4F2
2273,mp-972117,Sr4Te4O12
2274,mp-1246401,Rb4Ni4N4
2275,mp-867230,Tb4B16Ru4
2276,mp-1245804,K4Mn4N4
2277,mp-21230,Gd4Co4B16
2278,mp-550763,Co4Sb8Br8O12
2279,mp-1191710,Lu4Fe4B16
2280,mp-618813,Gd4Br6
2281,mp-685613,Ba8P4Pd8
2282,mp-510471,Gd4Cu4S8
2283,mp-28763,Ca16As16Pd16
2284,mp-776646,Na12Co4O12
2285,mp-1078829,Gd4Cl6
2286,mp-10495,Nd4Cu4S8
2287,mp-554461,K2Os4O12
2288,mp-504543,Sn4Pb4O12
2289,mvc-9477,Sb8O16
2290,mp-676536,K18Bi18O54
2291,mp-1182886,Al8O24
2292,mvc-9477,Sb8O16
2293,mp-1224698,Fe2N1
2294,mp-1216472,V4N3
2295,mp-1220035,Ni1Te1Se1
2296,mp-1225189,Fe1Mo1O1
2297,mp-1206607,La2As1I2
2298,mp-1225994,Co1Te1Se1
2299,mp-1222293,Lu1Bi1Te3
2300,mp-25470,Al1Cl3
2301,mp-753575,Ba1Ca1I4
2302,mp-22965,Bi1Te1I1
2303,mp-672671,Pb3I6
2304,mp-1219061,Sn2Ge5Sb2Te10
2305,mp-1224391,Hf4N3
2306,mp-1115,Pt1Se2
2307,mp-1018072,K1Ti1S2
2308,mp-28522,Gd4C2Br2
2309,mp-28479,Sc2C1Cl2
2310,mvc-530,Ca4Nb4Ni2O16
2311,mp-2441,Cd24P16
2312,mvc-7505,Zn8Cu8Bi8O40
2313,mp-1222028,Mg1Cl1O1
2314,mp-1203368,Zn48As32
2315,mp-1203959,Sc32Fe8Cl40
2316,mp-1203016,Ba18Al18As30
2317,mp-1238027,Sr4Ni8B8
2318,mp-1280871,Ca4La8Co4O24
2319,mp-12627,Nb6S8
2320,mp-3666,Li2Ta2O6
2321,mp-1190990,Cu8Cl4O12
2322,mp-27488,Ta6N10
2323,mp-27537,Na8Te4O16
2324,mp-1194374,Nb8V2S16
2325,mp-769394,Ba8Ta4O18
2326,mp-674508,Rb2Pb2F6
2327,mp-850194,Ti2Ni2O6
2328,mp-866714,La12Ni4Br12
2329,mp-754315,Li3V4Sn1O12
2330,mp-757915,Li2Ag2F6
2331,mp-1210629,Mg4Ta4Mn4O18
2332,mp-1211077,Li12I6O36
2333,mp-1193368,Nb8Co2Se16
2334,mp-755217,Cs8Ba4O8
2335,mp-771275,Li4V1Te3O12
2336,mp-1180675,Li6B2H12
2337,mvc-14409,Al4Cr4O12
2338,mp-20304,Rh2N4
2339,mp-5052,Ti4Cd4O12
2340,mp-1077232,W2N4
2341,mp-989576,Y2W2N6
2342,mp-1221355,Na2Ge1Te1O6
2343,mp-21852,Nb6Pb2S12
2344,mp-18101,K8Cd12S16
2345,mp-16511,Mn6Al20
2346,mp-978260,Mg4Bi2
2347,mp-1182452,Cr13Ga13
2348,mp-542388,Lu14Te2
2349,mp-30792,Na16Pb16
2350,mp-567550,In18Au42
2351,mp-1039467,Ca4Mg2
2352,mvc-4408,Ge12Mo8O48
2353,mp-1205018,Ba2In4P8O28
2354,mp-1207948,V8As8N8O32F8
2355,mp-26786,Ni4P8O28
2356,mvc-8680,Ta4P4O20
2357,mp-25260,Fe1As2O7
2358,mp-26594,Bi4P8O28
2359,mp-26494,Cr4P8O28
2360,mp-764630,Cr12Cu8O48
2361,mp-26616,Mo4P8O28
2362,mp-26662,Co4P8O28
2363,mvc-9140,P4W4O20
2364,mp-25246,Fe2P4O14
2365,mp-554359,Cs8Si12Sn4O36
2366,mp-770697,Cr8P8O32F8
2367,mp-25294,V2P4O14
2368,mp-776896,Nb8O20
2369,mp-1189787,Zr2P4C2O12
2370,mp-3038,Al2Hg1Se4
2371,mp-758616,Li4Cu4P4O16
2372,mp-9535,Al6Cd4Te1O12
2373,mp-694615,Li16Fe16P16O64
2374,mp-1246846,Li16Sb16N32
2375,mp-21535,Mn8Be6Ge6Se2O24
2376,mp-849257,Li4Fe4Si4O16
2377,mp-1224103,In2Cu1Te3Br1
2378,mp-1204512,Cs8Mn8In8Te24
2379,mp-762880,Li4Co4Si4O16
2380,mp-1228987,Al2Zn3S6
2381,mp-863390,Li12Co12P12O48
2382,mp-753382,Li2Mn2P2O8
2383,mp-780681,Li3Fe9Si6O24
2384,mp-1245799,Al4Bi4N8
2385,mp-26757,Li4Co4P4O16
2386,mp-1223535,K1Cd4Ga5S12
2387,mp-6327,Li3Al3Si3O12
2388,mp-758373,Li8Co8P8O32
2389,mp-767320,Li3Co2Si2O8
2390,mp-766089,Li8V8Si8O32
2391,mp-1195350,Cs8Cd8In8Te24
2392,mvc-11254,Ca2Fe4S8
2393,mp-1070099,Ca1Ga2As2
2394,mp-21859,Cu2As4
2395,mp-1018804,Mn2S4
2396,mp-1078849,Ca2Ga4P4
2397,mp-1944,Co4P12
2398,mp-1021498,P12Pd4
2399,mp-1220004,P4Ir4S4
2400,mp-1219512,Ru2Rh2S8
2401,mp-1226040,Co2Ru2S8
2402,mp-1219512,Ru2Rh2S8
2403,mp-1068,Cu4S8
2404,mp-1228823,As4Ir4S4
2405,mp-1224978,Fe1Co3S8
2406,mp-1198956,Nd8Th4S20
2407,mp-1209790,Pu12S8
2408,mp-1211509,K4Sm8I20
2409,mp-9323,Tb8S12
2410,mp-1200853,Er8Hf4S20
2411,mp-1245807,Ba4Na4N4
2412,mp-1197488,Er8Zr4S20
2413,mp-21182,Sc12P8
2414,mp-1196148,Sm8Zr4S20
2415,mp-1206313,Tm2O4
2416,mp-1200071,Gd8Zr4Se20
2417,mp-22849,Bi2I6
2418,mp-22849,Bi2I6
2419,mp-1106279,Bi4I12
2420,mp-569890,Cr6Cl18
2421,mp-28214,Ti2Br6
2422,mp-23317,As4Br12
2423,mp-27257,P4Br12
2424,mp-1771,N4O8
2425,mp-1202596,Mn4S4O24
2426,mp-1181198,H12C4I4
2427,mp-19841,Er4Ge4Ru4
2428,mp-19841,Er4Ge4Ru4
2429,mp-567240,Ba1Mn2Sb2
2430,mp-638841,Eu1As2Rh2
2431,mp-1102525,Sc4Si4Ru4
2432,mp-1102525,Sc4Si4Ru4
2433,mp-1188512,Ga14Pt6
2434,mp-1227251,Ca1Mn1Fe1Ge2
2435,mp-20888,Tm4Ge4Ru4
2436,mp-583463,Fe6Cl18
2437,mp-27734,Cr2Br6
2438,mp-1025442,Ir2I6
2439,mp-1025442,Ir2I6
2440,mp-1206891,Rh2I6
2441,mp-568208,Ir4Cl12
2442,mp-29443,P2I4
2443,mp-1216139,Y4C4I3Br1
2444,mp-1191266,Bi4I4O16
2445,mp-1206182,La2C2I2
2446,mp-567572,Gd2C2Br2
2447,mp-555234,Rb2Sb2Br2F6
2448,mp-1194106,Rb2I6O18
2449,mp-1194106,Rb2I6O18
2450,mp-10847,Ni4Sb4Se4
2451,mp-10846,Ni4As4Se4
2452,mp-10849,As4Pd4Se4
2453,mp-738,Sb8Au4
2454,mp-10850,Sb4Te4Pd4
2455,mp-754912,Li1Cu1O2
2456,mp-505510,Ni8As16
2457,mp-1208866,Si2P4Ir1
2458,mp-1225744,Cu4Te4Se4
2459,mp-1218926,Sn4Pt4Se4
2460,mp-1179344,U4N8O28
2461,mp-239,Ba2S6
2462,mp-239,Ba2S6
2463,mp-1079574,Te4Pb4
2464,mp-7526,Sn1P1
2465,mp-1205370,Sn4Se4
2466,mp-1183665,Cd3Se1
2467,mp-978499,Si1As3
2468,mp-978499,Si1As3
2469,mp-556859,Hg8O8
2470,mp-358,Hg3Te3
2471,mp-634,Hg3S3
2472,mp-32780,Au4Cl4
2473,mp-1104088,Tb6Pd8
2474,mp-1207678,U6Bi8Rh6
2475,mp-1226237,Cs4Ba2Br8
2476,mp-1189199,Lu6Sb8Au6
2477,mp-1105695,Er6Sb8Au6
2478,mp-3010,Rb4Tb2F12
2479,mp-7819,Pd8S2
2480,mp-1188604,U6Sb8Pt6
2481,mp-531574,Dy22S32
2482,mp-1104800,Sm6Pt8
2483,mp-21297,Li2Sn8Ru2
2484,mp-1363,Na4Au2
2485,mp-1226217,Cr2Co2B2
2486,mp-1221607,Mn2Re6B4
2487,mp-1221607,Mn2Re6B4
2488,mp-1224960,Fe2Ni2B2
2489,mp-1247283,Ba6Co4N8
2490,mp-1221861,Mn8Fe2C4
2491,mp-561224,Te4O8
2492,mp-1104396,La10Ir4
2493,mp-7317,Sm10Co4
2494,mp-1104652,Nd10Co4
2495,mp-1207474,Zr16N12O4F20
2496,mp-20063,Li3Ce5Ge4
2497,mp-1246157,Sr6Cr4N8
2498,mp-10824,Zn1Cu2Ge1Se4
2499,mp-971837,Zn2Cd2Te4
2500,mp-1009085,Be2Si2P4
2501,mp-6408,Zn1Cu2Ge1S4
2502,mp-1096549,Si16Ge16
2503,mp-28945,Si2Ni1P3
2504,mp-1247377,Mg2Ir2N4
2505,mp-1215486,Zn1Cd1Se2
2506,mp-1018275,Ga2P2
2507,mp-1245566,Mn2Al2N4
2508,mp-1215587,Yb1Lu1B24
2509,mp-1104905,Tm1B12
2510,mp-1215587,Yb1Lu1B24
2511,mp-1084,Zr1B12
2512,mp-1104127,Ni1B12
2513,mp-1217758,Sr1Sm1B12
2514,mp-865,Ca1B6
2515,mp-1219071,Sm1Eu1B12
2516,mp-1220180,Nd1Eu1B12
2517,mp-1756,Th1B6
2518,mp-1228060,Ba3Sm1B24
2519,mp-20874,Eu1B6
2520,mp-1215481,Yb1Sm1B12
2521,mp-7068,Sr3Al2Si2
2522,mp-1226092,Cr2Ni3B6
2523,mp-569270,V3B4
2524,mp-1206441,V5B6
2525,mp-28629,Ta5B6
2526,mp-1206441,V5B6
2527,mp-1102440,Eu4Si4Pd4
2528,mp-1077,B4Ru2
2529,mp-496,Sr4Si8
2530,mp-571279,Zr4I8
2531,mp-567456,Ca1Ge2
2532,mp-570506,Zr4I8
2533,mp-1221769,Mn8B2
2534,mp-1218331,Sr3Ca1Si8
2535,mp-554074,Nb4S8
2536,mp-1027671,Mo2W2Se4S4
2537,mp-1028422,Te4Mo3W1Se4
2538,mp-1027115,Mo1W3Se2S6
2539,mp-2207,Nb2Se4
2540,mp-1030333,Te6Mo3W1S2
2541,mp-1027911,Te4Mo3W1S4
2542,mp-1028683,Te2W4Se4S2
2543,mp-1080325,Ce4Se8
2544,mp-1027278,Te6Mo2W2S2
2545,mp-1030504,Mo1W3Se8
2546,mp-1023955,Mo1W1Se2S2
2547,mp-1218033,Ta3Mo1S8
2548,mp-1077021,Ti2S4
2549,mp-1027293,Mo2W2Se2S6
2550,mp-1029115,Te4Mo2W2S4
2551,mp-1029281,Te6Mo2W2Se2
2552,mp-1027818,Te2Mo4Se6
2553,mp-1028768,Te4Mo1W3Se4
2554,mp-1025946,Mo2W1Se4S2
2555,mp-1023948,Te2Mo2Se2
2556,mp-1027802,Mo3W1Se6S2
2557,mp-1221396,Na1Nb2Se4
2558,mp-1028931,Te4Mo2W2Se4
2559,mp-1030508,Te4Mo2W2Se4
2560,mp-1025898,Te2Mo1W2S4
2561,mp-1188425,Np4B16
2562,mp-1213975,Ca4B16
2563,mp-8546,Sm4B16
2564,mp-1226540,Ce2U2B16
2565,mp-1105563,Gd4B16
2566,mp-1079836,Ga1Si3C3N1
2567,mp-1222669,Li2I1Br1
2568,mp-1018018,Pd2N2
2569,mp-1226745,Cd1Ge1P2
2570,mp-1246133,Mg4Cr4N8
2571,mp-1095291,Li4Sn2Se6
2572,mp-1221772,Mn2Cd8S10
2573,mp-5854,Li4Ga4O8
2574,mp-1245681,Ga4Co4N8
2575,mp-1106183,Li4Al4S8
2576,mp-17685,Li12Ga4Ge4O20
2577,mp-1245510,Mg6Mo2N8
2578,mp-7895,Rb2O2
2579,mp-1232155,Eu4S8
2580,mp-7024,Tb8C12
2581,mp-1188514,Th8C12
2582,mp-27477,Tc6O6F24
2583,mp-1205247,Mo24S24F96
2584,mp-1213928,Cs8B48H16F36
2585,mp-16296,Sc8C12
2586,mp-1179089,Sr4O8
2587,mp-760144,W8O8F32
2588,mp-15319,Lu8C12
2589,mp-978278,Na4B24H24
2590,mp-1193707,Ti2Co21B6
2591,mp-1193982,Cr22Mo1C6
2592,mp-1209430,Pr3P6Pd20
2593,mp-1208981,Sm3Si6Pd20
2594,mp-1193985,Ta2Co21B6
2595,mp-1224758,Fe23B3C3
2596,mp-1220806,Nb5Ni41B12
2597,mp-1227102,Cr46B3C9
2598,mp-542758,Fe23B6
2599,mp-1207902,V2Ni21B6
2600,mp-1193668,Cr20W3C6
2601,mp-570938,B10W4
2602,mp-8079,B5W2
2603,mp-1216091,Y2Ga3Ni1
2604,mp-1080328,Ce2Se4
2605,mp-1080302,Ce4Se8
2606,mp-1226306,Cr4Bi4Te4O24
2607,mp-556324,Ni2F4
2608,mp-23214,Ca2Cl4
2609,mp-998915,K4O2
2610,mp-18641,Na3Mn3Cr3F18
2611,mp-571232,Yb4Br8
2612,mp-864918,Np2N4
2613,mp-504460,Li3Mn3Ga3F18
2614,mp-779095,Mn6O2F10
2615,mp-1226075,Co4Te4O16
2616,mp-1176639,Li8Mn8F32
2617,mp-777813,Mn8O14F2
2618,mp-18641,Na3Mn3Cr3F18
2619,mp-752394,Al4Te4O16
2620,mp-1221555,Mn2V2P4
2621,mp-20257,As2Pd6Pb4
2622,mp-1224771,Fe3Ni1P4
2623,mp-1183756,Co6I2
2624,mp-12636,P4Ru4
2625,mp-1078945,Fe4Se4
2626,mp-21048,Cr4P4
2627,mp-753671,P2N2O2
2628,mp-775001,V3Fe1O8
2629,mp-11653,B3P3O12
2630,mp-504149,Fe12P12O48
2631,mp-694541,Fe4P4O16
2632,mp-1228998,Al2Ga1P3O12
2633,mp-223,Ge3O6
2634,mp-766442,Fe8P8O32
2635,mp-559295,Fe8P8O32
2636,mp-11654,B3As3O12
2637,mp-1248911,Si16Sb8O48
2638,mp-758147,Li4Cu4P12O36
2639,mp-558931,Si48O96
2640,mp-17979,Ba4Al8Si8O32
2641,mp-1015567,Cr4N8
2642,mp-1233677,Ca1Al2Si6O16
2643,mp-1214291,Be12O24
2644,mvc-1361,Ba2Mo8O14
2645,mp-1221447,Na2Al1Ge7O16
2646,mp-690541,Tl8S4O12
2647,mp-779389,Cs2Cl2O6
2648,mp-1195147,La6I26O78
2649,mp-1199086,K4I8O24
2650,mp-1208857,Sm6B4O12F6
2651,mp-29114,Re24Te32Cl40
2652,mp-1214539,Ba4O20
2653,mp-1194932,Sm12Se6O6F12
2654,mp-675009,Y8Cu2Te16
2655,mp-1077589,Ta2P2S2
2656,mp-622268,Ba4Zn2Ag4Se4O4
2657,mp-1101942,La4Sb8
2658,mp-1179916,Pb12Cl16O8F4
2659,mp-1074292,Mg8Si6
2660,mp-1015908,Cr3N6
2661,mp-553278,Nd4Se3O4
2662,mp-600014,Si24O48
2663,mp-541338,Al12P12O48
2664,mp-12787,Si6O12
2665,mp-1080848,K16V16N32
2666,mp-3955,Al3P3O12
2667,mp-4051,Al2P2O8
2668,mp-1080277,Ce6Se12
2669,mp-1212197,Na8Si48O96
2670,mp-1201245,Pr3Cd33
2671,mp-1600,Ba3Hg33
2672,mp-11953,Rb3Hg33
2673,mp-1201611,Np3Cd33
2674,mp-680148,Cd20I40
2675,mp-570054,Cd8I16
2676,mp-557523,V2S4
2677,mp-2156,Ti1S2
2678,mp-571538,Cd10I20
2679,mp-680047,Cd14I28
2680,mp-569611,Cd17I34
2681,mp-1217196,Ti5Mn1S10
2682,mp-680111,Cd4I8
2683,mp-570882,Cd6I12
2684,mp-567296,Cd3I6
2685,mp-570781,Cd6I12
2686,mp-8725,Hf4Sn4S12
2687,mp-571037,Cd7I14
2688,mp-570410,Cd9I18
2689,mvc-11234,Fe1S2
2690,mp-1179443,Si2Se4
2691,mp-1080248,Ce2Se4
2692,mp-573721,Cs4Si2As4
2693,mp-1726,K4O12
2694,mp-28038,Nb4Te4Br12
2695,mp-28038,Nb4Te4Br12
2696,mp-985590,Si8O16
2697,mp-733790,Si24O48
2698,mp-733790,Si24O48
2699,mp-555556,Si16O32
2700,mp-1096931,Cr24N48
2701,mp-560941,Si32O64
2702,mp-1014995,Cr12N24
2703,mp-1229207,Al4Si8O24
2704,mp-6945,Si4O8
2705,mp-1101173,W2N4
2706,mp-754629,W3N6
2707,mp-1192795,Hf6Co23
2708,mp-542995,Nb6Fe16Si7
2709,mp-2272,Sr6Li23
2710,mp-1194271,Zr6Ni23
2711,mp-1194115,Ti6Ga16Ru7
2712,mp-866136,Zr6Al16Ru7
2713,mp-1193884,Zr6Ga16Ru7
2714,mp-21612,Mg6Cu16Si7
2715,mp-1193679,Zr6Al16Ni7
2716,mp-2162,Er6Fe23
2717,mp-1192847,Ho6Zn23
2718,mp-672651,Zr6Ni16Ge7
2719,mp-1193118,Ti6Al16Ru7
2720,mp-1077196,Co2O4
2721,mp-1247556,K1Ba1N1
2722,mvc-4323,Sn4O8
2723,mp-715482,Mo4O8
2724,mp-1296922,Co4O8
2725,mp-1216189,W1N1O1
2726,mp-25275,Mn4O8
2727,mp-1101357,Sr2Ca4I12
2728,mp-1274918,Ti4Fe4O16
2729,mp-1224855,Fe1O2
2730,mp-768709,Mn3Bi1O8
2731,mp-1246166,Zr1Fe2N2
2732,mp-1246150,Ba1Sr2N2
2733,mvc-10873,Cr4O8
2734,mp-753773,Mn5Sb1O12
2735,mp-755954,Ba2Sr4I12
2736,mp-1221417,Na1Co2O4
2737,mp-778751,Mn12O10F14
2738,mp-777918,Cr3Sb5O16
2739,mp-753003,Fe8O10F6
2740,mp-759601,Mn4O4F4
2741,mp-761005,Mn12O7F17
2742,mp-765508,V3O4F2
2743,mp-754511,Co6O4F8
2744,mp-754934,Co6O5F7
2745,mp-849519,Mn12O10F14
2746,mp-1178274,Fe8O2F14
2747,mp-753017,Fe6O6F6
2748,mp-759080,Fe12O12F12
2749,mp-850935,Co8O8F8
2750,mp-765191,Li4Ag4F16
2751,mp-32584,N25Ti19
2752,mp-1080851,Ce12Se24
2753,mp-1178295,Fe8O10F6
2754,mp-1176503,Mn3Fe2Co3O16
2755,mp-1297038,V4O8
2756,mp-780133,Mn12O14F10
2757,mvc-15363,Sn4O8
2758,mp-763835,V3Cr3Te2O16
2759,mp-752598,Mn4As8O16
2760,mp-759058,Fe12O12F12
2761,mp-850207,Mn8O14F2
2762,mp-775288,Cr3Fe2Sb3O16
2763,mp-776544,Li4Fe8O4F20
2764,mp-1176459,Mn6O2F10
2765,mp-1178455,Co10O5F15
2766,mp-780690,Co6O8F4
2767,mp-777875,Li4Fe4F16
2768,mp-850877,Mn8O13F3
2769,mp-1184708,Ge2Br4
2770,mp-753312,Co6O10F2
2771,mp-752513,Co6O2F10
2772,mp-782663,Co6O2F10
2773,mp-9126,Sr1Sb2O6
2774,mp-754001,V2O2F2
2775,mp-1216751,Ti2Nb2Ga2O12
2776,mp-1218072,Ta8Fe2Co2O24
2777,mp-779315,V8O8F8
2778,mp-1039029,Mg2Cd4
2779,mp-779451,Fe4O2F6
2780,mp-1187178,Sr2I4
2781,mp-765413,Li4Ag2F12
2782,mp-760936,Co6O7F5
2783,mp-758585,Fe4O7F1
2784,mp-1178401,Fe10O1F19
2785,mp-755637,Ni6O2F10
2786,mp-777544,Co6O3F9
2787,mp-1228749,As1Rh1O4
2788,mp-2237,Te2O4
2789,mp-781606,Fe8O10F6
2790,mp-1100902,V4Sb4O16
2791,mp-780692,Mn8O4F12
2792,mp-1217927,Ta4Ti4Fe4O24
2793,mp-759467,Fe12O12F12
2794,mp-675172,Ta1Al1O4
2795,mp-571636,In2Cl2
2796,mp-1182077,Bi8Se4
2797,mp-15651,Ni3Se3
2798,mp-1181112,Na16Xe4O56
2799,mp-662535,Pb4Se8O20
2800,mp-35889,K4C2O3
2801,mp-28536,Ba4Se8O20
2802,mp-571134,Se8N4Cl12
2803,mp-1069193,Pd1N2Cl2
2804,mp-1182293,Br4O16
2805,mp-1178875,U1O11
2806,mp-1106253,Cd4Cl8O4
2807,mvc-13322,Sr4Y4Mn4O14
2808,mp-1247518,Ca6Nb4N8
2809,mp-768269,Li6Sb2S8
2810,mp-556712,Ga8Bi4S16
2811,mp-571085,Ga8Bi4Se16
2812,mp-1190124,Bi8O12
2813,mp-1190124,Bi8O12
2814,mp-1101135,Ti4In6Br18
2815,mp-561922,La4Co4O12
2816,mp-6122,Ba2Nd1Sb1O6
2817,mp-569563,Ba6Zr12Be2Cl36
2818,mp-1284950,La4Ni4O12
2819,mp-989601,La1W1N3
2820,mp-28998,Sn5B2Ir6
2821,mp-674339,Tl12Pb2I20
2822,mp-1218846,Sr2Co1Ru1O6
2823,mp-1206440,Cs2Li1Cr1F6
2824,mp-674339,Tl12Pb2I20
2825,mp-23247,Zr2Br6
2826,mp-1025168,Ru1F6
2827,mp-573909,Hg4C8N8
2828,mp-997040,Au2Br2O4
2829,mp-1078520,Al2H2O4
2830,mvc-14582,W2F8
2831,mp-1207316,Nd2Cu1Sb3
2832,mp-19132,Hg2W2O8
2833,mp-1179954,Pb4W4O16
2834,mp-18856,Mo8O24
2835,mp-989620,La4Ta4N12
2836,mp-1104401,Pt2N4Cl8
2837,mp-1102938,Mn2Tl2F8
2838,mp-1178609,Zr4N4F20
2839,mp-759856,W2O4F4
2840,mp-23292,Hg2Br4
2841,mp-28481,Ti2Cl8O32
2842,mp-657233,Eu4Tl4P4S16
2843,mp-560821,Ca24Si12O48
2844,mp-17959,Nd8Si4Te4O16
2845,mp-769207,Y4Se6O24
2846,mp-543110,Nd4Tl2Mo8O32
2847,mp-558826,K2Ho2Be2F12
2848,mp-20217,Eu4P4S12
2849,mp-570803,Ba4Ge2Te4Se4
2850,mp-1220031,Pr4Mo6O24
2851,mp-1190914,K4S4N4O12
2852,mp-561230,K8Bi4P4W4O32
2853,mp-1213316,Cs2Nd2Mo4O16
2854,mp-5706,Sn4P4Se12
2855,mp-1209392,Rb4Pr4W8O32
2856,mp-1192133,Li4B4H16
2857,mp-628735,K4Eu4P4S16
2858,mp-1203051,K20Li8Eu4F40
2859,mp-542664,Ce8Si4Se4O16
2860,mp-1227609,Bi3P3O14
2861,mp-604315,Zn2B4H16
2862,mp-1203647,Ce4S4O24
2863,mp-1191071,Nb1H12N3O8
2864,mp-8483,K4S2O6
2865,mp-560522,Mn6S6O18
2866,mp-8248,Rb4Te2O6
2867,mp-754140,Ca4Se4O12
2868,mp-651332,Se16Br64
2869,mp-626379,Fe4H4O8
2870,mp-614803,Cs4Te2O6
2871,mp-28179,Na4Ta4Cl24
2872,mp-1208299,Tb4S4Br4
2873,mvc-7514,Bi16O40
2874,mp-9682,Na12Al4Se12
2875,mp-568441,Mg8H16
2876,mp-28897,B4Ir4Pd4
2877,mp-756702,Pr2Br2O2
2878,mp-863384,Li8V4F20
2879,mp-28897,B4Ir4Pd4
2880,mp-1080301,Ce8Se16
2881,mp-1246328,Ta4S4N4
2882,mp-760107,V28O24F36
2883,mp-7073,Ba2Ti2S6
2884,mp-27409,Rb2Ni2Br6
2885,mp-17768,Nb12Cr12C4
2886,mp-1192636,Co12W12C4
2887,mp-22950,Cs2Ni2Cl6
2888,mp-1190846,Re8Mo12C4
2889,mp-1193127,Zr16Ru8N4
2890,mp-4091,Ni8Mo12N4
2891,mp-505361,Ti16Fe8O4
2892,mp-644742,Ni8Mo16N4
2893,mp-1194108,Zr16Rh8N4
2894,mp-1218085,Ta12Cr6Ni6C4
2895,mp-13288,Ba6Li2N2
2896,mp-1194108,Zr16Rh8N4
2897,mp-773020,Lu4P20O56
2898,mp-1227034,Ca16Zn4Co4Si16O56
2899,mp-1203437,Gd8H8Se16O64
2900,mp-554052,Sm4Sb4Mo8O36
2901,mp-561086,Ca12Si12O36
2902,mp-1227113,Ca2Pr2Al6O14
2903,mp-977037,K2Ce2P8O24
2904,mp-989622,Ba4W4N12
2905,mp-6941,Y4Si6N8O6
2906,mp-1227109,Ca2Sm2Al6O14
2907,mp-510015,Ba4Co2Si4O14
2908,mp-14420,Er4Be4Ge2O14
2909,mp-22874,P4Br20
2910,mp-1198795,K8Si8O24
2911,mp-752851,Ca4Si2B4O14
2912,mp-7220,Na2Y6Si2S14
2913,mp-1223991,Ho2V1P1O8
2914,mp-1203522,Cs16Hg8Cl32
2915,mp-780033,Tb2Nb2O8
2916,mp-1219229,Sm6Si2S12Cl2
2917,mp-2940,Lu2P2O8
2918,mp-19276,Ba2Mo2O8
2919,mp-31266,Y8P8S32
2920,mp-7094,Re2Ag2O8
2921,mp-9756,Th2Ge2O8
2922,mp-561467,Y2Ag6P4S16
2923,mp-1102717,Ba2W2O8
2924,mp-1095395,Eu2V2O8
2925,mp-19330,Ca2Mo2O8
2926,mp-1223723,K8La1P4S16
2927,mp-1213184,Cs2Sm2Mo4O16
2928,mp-11736,Zr2Si2O8
2929,mp-770608,Li12Mn12O32
2930,mp-753591,Mg3Fe3O8
2931,mp-1104166,Sc4Cd2Se8
2932,mp-530177,Li10Mn14O32
2933,mp-754491,Fe4Hg2O8
2934,mp-735790,Li14Mn22Cr3Cu3O56
2935,mp-37276,Fe2Ni4S8
2936,mp-761748,Li2Cr1Co3O8
2937,mp-768708,Li2Cr2Ni2O8
2938,mp-1221752,Mn1Cr8Cu3S16
2939,mp-765944,Al15Fe9O32
2940,mp-1176640,Li2Mn2Cr2O8
2941,mp-608016,Mg2Fe4O8
2942,mp-1226405,Cr4Cu1Ni1Se8
2943,mp-1216396,V2Fe2Co2O8
2944,mp-756879,Li2Mn3Fe1O8
2945,mp-1221990,Mg2V2Cr2O8
2946,mp-1228960,Al1Cr4Cu1S8
2947,mp-1178056,Li8Co12Sn4O32
2948,mp-1314406,Li4Mn6Ga2O16
2949,mp-1246962,Mg2Sc1Ti3S8
2950,mp-761676,Li2Co3Sb1O8
2951,mp-753397,Ga4Cu2O8
2952,mp-773045,Li2V3Fe1O8
2953,mp-767086,Li5Mg1Ti12O24
2954,mvc-10135,Mg6Co12O24
2955,mp-756414,Li2Cr3Co1O8
2956,mp-1222745,Li4Fe2Cl8
2957,mp-1225064,Fe1Co1Rh4S8
2958,mp-1362476,Li4V6Te2O16
2959,mp-777721,Li2Fe3W1O8
2960,mp-1239176,Ta2Cr6Cu4S16
2961,mp-1226324,Cr3Cu2Ni1Se8
2962,mvc-12218,Ca2Fe4O8
2963,mp-753949,Li2Mn2V2O8
2964,mp-1247127,Mg2Ti2Ni2S8
2965,mp-1176640,Li2Mn2Cr2O8
2966,mvc-9995,Zn2Mo4O8
2967,mp-1316764,Li4Co4Sn4O16
2968,mp-1226592,Ce1Zr3O8
2969,mp-867772,Zr14V2O32
2970,mp-1062842,Mg1F2
2971,mp-4661,Sc4O4F4
2972,mp-752706,Ce1Zr11O24
2973,mp-568284,Sr4I8
2974,mp-571554,Pr2Al2Si4
2975,mp-4661,Sc4O4F4
2976,mp-1147587,Ce2Cu1N2O2
2977,mp-1147647,Na1Br1O2
2978,mp-6123,Ba2Pd1O2F2
2979,mp-557939,La4Ni3O8
2980,mp-752398,Ba1Cu1O2
2981,mp-1227941,Ba1Co1O2
2982,mp-1218462,Sr8Ca2Fe10O20
2983,mp-1147647,Na1Br1O2
2984,mp-766370,Ce1Zr9O20
2985,mp-675329,La1Zr9O20
2986,mvc-3519,Zn2Fe2F8
2987,mp-1019601,Ce1Zr7O16
2988,mp-674976,Zr9Sc1O20
2989,mp-1246062,Ti2Cd8N8
2990,mp-1222463,Lu2Zn8Fe2O14
2991,mp-1280196,Li3V2O3F3
2992,mp-863430,Zn12In8O24
2993,mp-35822,Li8Si2O8
2994,mp-780725,Li8V4P4O20
2995,mp-756711,Li8Cr2O8
2996,mp-1215740,Zn3In1Ga1O6
2997,mp-17816,Na20As4O20
2998,mp-1076088,Mg4Co4O10
2999,mp-1227117,Ca1Y3Ti4O12
3000,mp-1189627,Th4Fe2Se10
3001,mvc-4204,Ca4Ta2Ag2O12
3002,mp-554061,Mn2Sb2S4Br2
3003,mp-11906,Li2Pr4Ir2O12
3004,mp-1206321,Yb2Tl2Br6
3005,mp-1222992,La2Nd2Co4O12
3006,mp-752726,Ba2La4O8
3007,mp-4387,Sr4Zr4O12
3008,mp-1209936,Nd4Ni2Pt2O12
3009,mp-14550,Ti4Cd4O12
3010,mp-22103,Dy4Mn4O12
3011,mp-1099626,La4Fe4O10
3012,mp-22590,La4Fe4O12
3013,mp-20222,Sr4Nb2In2O12
3014,mvc-6211,Ca4Y2Cr2O10
3015,mp-1213003,Eu4Co2Pt2O12
3016,mp-755865,Tb4Ni4O12
3017,mvc-10031,Ca2La2Cr2Cu2O12
3018,mp-1217727,Tb4Mn2Cr2O12
3019,mp-541177,Gd4V4O12
3020,mp-1220508,Nd4Mn2Rh2O12
3021,mp-1188256,U4Ni4Se12
3022,mp-20186,Pr4Ru4O12
3023,mp-1640617,Ca2La2Fe2W2O12
3024,mvc-9618,Ca2Pr2V4O12
3025,mp-1223138,La8Ti4Mn4O24
3026,mp-1307607,Ca4Cr2W2O12
3027,mp-3196,Nd4Ga4O12
3028,mp-1208643,Sr4Hf4S12
3029,mp-6732,La4Mg2Ir2O12
3030,mp-560836,Si12O24
3031,mp-776343,W12N24
3032,mp-697670,K2Al2Si6O16
3033,mp-1080866,Ce12Se24
3034,mp-1080631,Ce16Se32
3035,mp-697670,K2Al2Si6O16
3036,mp-1219617,Rb2Al2Si6O16
3037,mp-36779,P8N8O8
3038,mp-770887,Be4Cr4O16
3039,mp-1080257,Ce4Se8
3040,mp-772192,Cu8P8O24
3041,mp-6091,Ba4Al8Si8O32
3042,mp-1219605,Rb2Al2Si6O16
3043,mp-640556,Si24O48
3044,mp-1096962,Cr32N64
3045,mp-1172466,He8Si8O16
3046,mp-6434,Rb4Al4Si4O16
3047,mp-5440,Al24P24O96
3048,mp-1096965,Cr28N56
3049,mp-1204565,Si32B4N4O72
3050,mp-600060,Si48O96
3051,mp-555740,Si8O16
3052,mp-560998,Si18O36
3053,mp-1209324,Rb4Be4P4O16
3054,mp-667383,Si28O56
3055,mp-1195265,Si96O192
3056,mp-561181,Si28O56
3057,mp-600029,Si12O24
3058,mp-1197734,Pr12Fe26Bi2
3059,mp-1200512,Er12Al86W8
3060,mp-1209105,Sm12Al78Cr16
3061,mp-1207857,Y12Ta8Al86
3062,mp-1213424,Er12Ta8Al86
3063,mp-643523,Pr12Fe26Ge2
3064,mp-1210969,Lu12Al86V8
3065,mp-1212458,Ho12Mn8Al86
3066,mp-1208499,Tb12Nb8Al86
3067,mp-1199732,Yb12Ti8Al86
3068,mp-1208183,Tm12Ta8Al86
3069,mp-1207010,Hg2N4
3070,mp-1077346,Hg4N2
3071,mp-1193606,Cs12Ge4Te12
3072,mp-560260,Cs4La4S8O32
3073,mp-1193903,K8Mo4S12O4
3074,mp-1190566,Tl4S4O12F4
3075,mp-567716,Al4Tl4Cl16
3076,mp-1192526,Cs4Ba4P4S16
3077,mp-28433,Rb4Cl4O16
3078,mp-1190566,Tl4S4O12F4
3079,mp-557753,K12P4O16
3080,mp-4136,Ce4P4O16
3081,mp-1245841,K12Mo2N8
3082,mp-695308,Ca4Gd4Th4P12O48
3083,mp-569348,Tl8Ga8Br32
3084,mp-551437,Rb4C1O4
3085,mp-551267,Rb4C1O4
3086,mp-554123,Ba2Mn4O16
3087,mp-1194448,Cs8Mo4S12O4
3088,mp-1209199,Rb4S4O16
3089,mp-1227768,Ba1Sr2P2O8
3090,mp-1209606,Rb4Fe4Br16
3091,mp-624221,Ge6Rh10
3092,mp-573651,Li88Pb20
3093,mp-30969,Ho24Co14
3094,mp-1105935,Si6Ru10
3095,mp-624221,Ge6Rh10
3096,mp-25449,Li4Cu4P4O16
3097,mp-641539,Si12N16
3098,mp-756608,Li4Cr3Ni2Sb3O16
3099,mp-770566,Be4Fe8O16
3100,mp-777480,Li8Ti12Mn4O32
3101,mp-1193109,Na4Ca4As4O16
3102,mp-867734,Li4Mn4Nb4O16
3103,mp-753580,Li4Ti4Si4O16
3104,mp-1262424,Ti4Al2O8
3105,mp-758017,Li4Mn3Co1P4O16
3106,mp-769550,Li4Mn10Fe4O24
3107,mp-531175,Cd8Ga16O32
3108,mp-1246738,La3Mg2Cr1S8
3109,mp-770524,Li4Mn3V3Cr2O16
3110,mp-863767,Fe26Sn4O40
3111,mp-775073,Li4Cr3Fe3Sn2O16
3112,mp-1293197,Al2Fe4O8
3113,mp-757650,Li4Co4P4O16
3114,mp-752571,Li5Co7O3F13
3115,mvc-10308,Mg6Mo12O24
3116,mp-752865,Li4Mn5Cu3O16
3117,mp-774451,Li4Mn3Fe2Co3O16
3118,mp-1284941,Fe12O16
3119,mvc-5152,Mg6Cu12O24
3120,mp-1232148,Eu8Mg4Se16
3121,mp-757714,Li4Cr2Ni2P4O16
3122,mp-774791,Li4Mn3Cr3Te2O16
3123,mp-541276,Ca4Yb4In4Se16
3124,mvc-9736,Mg6Ti12O24
3125,mvc-5089,Zn8Cr16O32
3126,mp-1222901,Li4Al2Cr4Sb2O16
3127,mp-780585,Ti4Fe8O16
3128,mp-1247109,Sm2Mg2Mo2S8
3129,mp-1663944,Li4Mn4P4O16
3130,mp-1225191,Fe3Rh3S8
3131,mp-761028,Li8Ti6Cr6Te4O32
3132,mp-757795,Li4Co3Ni2Sb3O16
3133,mp-22142,Si2Se4
3134,mp-22142,Si2Se4
3135,mp-7905,Si2O4
3136,mp-754936,Dy2Al2O6
3137,mp-998624,Na2Os2O6
3138,mp-754936,Dy2Al2O6
3139,mp-754307,Ba2Nd2O6
3140,mp-1177954,Li8Fe4F16
3141,mp-867743,Li2Mn2F6
3142,mp-7607,Ti2Hg2O6
3143,mp-753024,Li2V2F6
3144,mp-756214,Y2Al2O6
3145,mp-1221080,Na1Ce1Ti2O6
3146,mp-1225200,Fe3Co3Sn6
3147,mp-20536,Co3Sn3
3148,mp-442,Rh3Pb3
3149,mp-1223297,La4Ce4Sb4S20Br4
3150,mp-542445,K4Pa2F14
3151,mp-550820,Sm2Zn2P2O2
3152,mp-549728,Dy2Zn2P2O2
3153,mp-13207,Ce2Zn2P2O2
3154,mp-676829,Li49Cu8N19
3155,mp-722903,K2Li1Al1F6
3156,mp-570950,Na1Li2N1
3157,mp-676829,Li49Cu8N19
3158,mp-31198,Er6Ru4
3159,mp-1246438,Ba12Fe8N16
3160,mp-1246125,Ba12V8N16
3161,mp-1190476,Na4Zn2Ge4Se12
3162,mp-755802,K8Mg4O8
3163,mp-755802,K8Mg4O8
3164,mp-700,Ge4Se4
3165,mp-1017539,Zn2O2
3166,mp-19214,Ce2V2O8
3167,mp-771977,Tm2As2O8
3168,mp-560595,Ca8As4Cl4O16
3169,mp-1215728,Y1V2Bi1O8
3170,mp-756550,Tm4As4O16
3171,mp-18799,Yb2V2O8
3172,mp-775434,Cr2Bi2O8
3173,mp-18734,Ho2V2O8
3174,mp-18812,Nd2V2O8
3175,mp-1192743,Sr4Ge4Pb4O16
3176,mp-772156,Er2As2O8
3177,mp-9580,Tl2Ga2Se4
3178,mp-1223855,K2Sn1Hg1Te4
3179,mp-15220,K4V2Cu2Se8
3180,mp-1079388,Nd2B4Ru4
3181,mp-1223855,K2Sn1Hg1Te4
3182,mp-686102,Tl24In16Se40
3183,mp-10163,Na2Al2Te4
3184,mp-8766,Rb4Co2S4
3185,mp-1102153,Ba2Fe4Se6
3186,mp-1223965,In3Bi1Te4
3187,mp-1021465,Na4Zn2Se4
3188,mp-505034,Cs4Mn2S4
3189,mp-570076,Tl2Cd1Sn1Te4
3190,mp-27635,Rb2Sn1I6
3191,mp-27834,Tl2Pt1Cl6
3192,mp-1180839,K2Sn1N6
3193,mp-1207222,Rb2V1Cl6
3194,mp-571126,Ti2B1Rh6
3195,mp-20076,K1Cr1F6
3196,mp-1209055,Sb1Br6N2
3197,mp-579560,Cs3Sb2Br9
3198,mp-1209219,Rb2Nb2Cl12
3199,mp-1080748,Sn1N2Cl6
3200,mp-9926,Sr1Rh1F6
3201,mp-1078506,Pd1N2Cl6
3202,mp-30974,Cs2W2Cl12
3203,mp-4047,Cs2Si1F6
3204,mp-1206883,K2Co1F6
3205,mp-613910,Ba1Ni1F6
3206,mp-557471,Mn4As4O16
3207,mp-504714,Ni6B14I2O26
3208,mp-684065,Ti20B48O104
3209,mp-759054,Li8Cu8Si8O28
3210,mp-1248889,Ti8Be12Zn4Si12O48
3211,mvc-5455,Zn4Ag4As4O20
3212,mp-554137,Mg8Si8O24
3213,mp-1265872,Be12Si12Mo8O48
3214,mvc-8596,Mg4Fe4Ge8O24
3215,mp-1569040,Zn4Cr4Ge8O24
3216,mp-1248889,Ti8Be12Zn4Si12O48
3217,mp-19136,Tb1Fe3B4O12
3218,mp-771046,Mg4N8O24
3219,mp-1194668,Mg12H48C48O48
3220,mp-20495,Na4C2O6
3221,mp-555000,Mg12H24C24O48
3222,mp-758928,Li8V4C8O24
3223,mp-1220241,Nd1Fe6Bi1B8O24
3224,mp-22213,Mn1Sn1B2O6
3225,mp-6217,La2Sc6B8O24
3226,mp-9812,Zn2C2O6
3227,mp-1101800,Mg1S1O9
3228,mp-1289597,Mn4B4O12
3229,mp-1208860,Sm1Al3B4O12
3230,mp-1120755,Na2C2O6
3231,mp-758087,Li4V3C6O18
3232,mp-572797,Cs2Ir1F6
3233,mp-1113508,Cs3Ga1F6
3234,mp-1113479,Rb2Nb1Au1F6
3235,mp-541419,Nb12Ni12O2
3236,mp-22604,In1As1F6
3237,mp-1079654,Sm2Mn1Ga6
3238,mp-1104268,Cs3Bi2Cl9
3239,mp-624243,Fe12W12C2
3240,mp-989560,Cs2Tl1Si1H6
3241,mp-1207722,W2N2Cl12
3242,mp-624214,Cs6Bi4I18
3243,mp-1219625,Rb4Sb1Rh1Cl12
3244,mp-1224038,Ho4Mn2Ru2O14
3245,mp-6213,Na12Sc8V12O48
3246,mp-1226623,Ce1Nd4Zr3O14
3247,mp-1225538,Eu4Sc2Nb2O14
3248,mp-1227522,Ca12Al2Cr6Si12O48
3249,mp-1191931,Na3Ca1Mg3Al1F14
3250,mp-16152,Pr4Te4O14
3251,mp-1216523,Y12Ga4Fe16O48
3252,mp-1227902,Ca12Al4Fe4Si12O48
3253,mp-1225637,Er4Fe2Sb2O14
3254,mp-1219865,Pr4Fe2Sb2O14
3255,mp-1223270,K2Y2Ta4O14
3256,mp-1217722,Tb4Gd8Ga20O48
3257,mp-1208102,Tm12Al20O48
3258,mp-6213,Na12Sc8V12O48
3259,mp-22431,Yb4Ti4O14
3260,mp-6153,Na12Li12V8F48
3261,mp-1224759,Gd4Fe2Sb2O14
3262,mvc-4351,Al8Cr12Si12O48
3263,mp-1219865,Pr4Fe2Sb2O14
3264,mp-1246098,Y4Pt4Se14
3265,mp-1245981,Y4Pt4S14
3266,mp-14051,Ca12Mn8Si12O48
3267,mp-5548,Ta4Cd4O14
3268,mp-1254352,Ti8Zn12Si12O48
3269,mp-1220526,Nb2In2Bi4O14
3270,mp-1209512,Rb8Ho4Cl20
3271,mp-558775,Al6Pb10F38
3272,mp-1213731,Cs8Gd4Cl20
3273,mp-1201396,K32Ti16F80
3274,mp-1213783,Cs8Y4Cl20
3275,mp-28761,Sr14Mn8O30
3276,mp-640266,Ca9Al6O18
3277,mp-15012,K6B6S12
3278,mp-1192144,Nd6B6N12
3279,mp-561725,Cs6B6O12
3280,mp-5401,Sr8B8O20
3281,mp-561725,Cs6B6O12
3282,mp-755309,Li3Nb1S4
3283,mp-5621,Nb1Cu3S4
3284,mp-9295,Ta1Cu3Te4
3285,mp-505244,Fe2Cu2Se4
3286,mp-1217842,Ta1V1Cu6Se8
